{
  "WeatherAndForecast_Current_BarometricPressure -\u003e openweathermap:weather-and-forecast:e0a5cf20:current#pressure": {
    "class": "org.eclipse.smarthome.core.thing.link.ItemChannelLink",
    "value": {
      "channelUID": {
        "segments": [
          "openweathermap",
          "weather-and-forecast",
          "e0a5cf20",
          "current#pressure"
        ]
      },
      "configuration": {
        "properties": {
          "profile": "system:default"
        }
      },
      "itemName": "WeatherAndForecast_Current_BarometricPressure"
    }
  },
  "SensorePortoneIngressino_OpenStatus -\u003e mihome:sensor_magnet_aq2:158d000272c5e8:isOpen": {
    "class": "org.eclipse.smarthome.core.thing.link.ItemChannelLink",
    "value": {
      "channelUID": {
        "segments": [
          "mihome",
          "sensor_magnet_aq2",
          "158d000272c5e8",
          "isOpen"
        ]
      },
      "configuration": {
        "properties": {
          "profile": "system:default"
        }
      },
      "itemName": "SensorePortoneIngressino_OpenStatus"
    }
  },
  "I2sala_LED2 -\u003e mqtt:topic:5f82e89b:4": {
    "class": "org.eclipse.smarthome.core.thing.link.ItemChannelLink",
    "value": {
      "channelUID": {
        "segments": [
          "mqtt",
          "topic",
          "5f82e89b",
          "4"
        ]
      },
      "configuration": {
        "properties": {
          "profile": "system:default"
        }
      },
      "itemName": "I2sala_LED2"
    }
  },
  "LedCucinaCorridoio_Color -\u003e hue:0210:001788acdb70:4:color": {
    "class": "org.eclipse.smarthome.core.thing.link.ItemChannelLink",
    "value": {
      "channelUID": {
        "segments": [
          "hue",
          "0210",
          "001788acdb70",
          "4",
          "color"
        ]
      },
      "configuration": {
        "properties": {
          "profile": "system:default"
        }
      },
      "itemName": "LedCucinaCorridoio_Color"
    }
  },
  "TVLivingRoom_Channel -\u003e samsungtv:tv:0a21fe80_00aa_1000_a87f_0c8910bebd97:channel": {
    "class": "org.eclipse.smarthome.core.thing.link.ItemChannelLink",
    "value": {
      "channelUID": {
        "segments": [
          "samsungtv",
          "tv",
          "0a21fe80_00aa_1000_a87f_0c8910bebd97",
          "channel"
        ]
      },
      "configuration": {
        "properties": {
          "profile": "system:default"
        }
      },
      "itemName": "TVLivingRoom_Channel"
    }
  },
  "TempCameretta_Temperature -\u003e mihome:sensor_weather_v1:158d0002b55a25:temperature": {
    "class": "org.eclipse.smarthome.core.thing.link.ItemChannelLink",
    "value": {
      "channelUID": {
        "segments": [
          "mihome",
          "sensor_weather_v1",
          "158d0002b55a25",
          "temperature"
        ]
      },
      "configuration": {
        "properties": {
          "profile": "system:default"
        }
      },
      "itemName": "TempCameretta_Temperature"
    }
  },
  "LedSalotto_Color -\u003e hue:0210:001788acdb70:7:color": {
    "class": "org.eclipse.smarthome.core.thing.link.ItemChannelLink",
    "value": {
      "channelUID": {
        "segments": [
          "hue",
          "0210",
          "001788acdb70",
          "7",
          "color"
        ]
      },
      "configuration": {
        "properties": {
          "profile": "system:default"
        }
      },
      "itemName": "LedSalotto_Color"
    }
  },
  "Sonoff4CHLuciCucinaCorridoio_CorridoioFaretto2 -\u003e mqtt:topic:c22fb6a9:2": {
    "class": "org.eclipse.smarthome.core.thing.link.ItemChannelLink",
    "value": {
      "channelUID": {
        "segments": [
          "mqtt",
          "topic",
          "c22fb6a9",
          "2"
        ]
      },
      "configuration": {
        "properties": {
          "profile": "system:default"
        }
      },
      "itemName": "Sonoff4CHLuciCucinaCorridoio_CorridoioFaretto2"
    }
  },
  "MainCPU_Online -\u003e network:pingdevice:427ddf21:online": {
    "class": "org.eclipse.smarthome.core.thing.link.ItemChannelLink",
    "value": {
      "channelUID": {
        "segments": [
          "network",
          "pingdevice",
          "427ddf21",
          "online"
        ]
      },
      "configuration": {
        "properties": {
          "profile": "system:default"
        }
      },
      "itemName": "MainCPU_Online"
    }
  },
  "SensoreTemperaturaCameraDaLetto_LowBattery -\u003e mihome:sensor_weather_v1:158d0002b56ec1:lowBattery": {
    "class": "org.eclipse.smarthome.core.thing.link.ItemChannelLink",
    "value": {
      "channelUID": {
        "segments": [
          "mihome",
          "sensor_weather_v1",
          "158d0002b56ec1",
          "lowBattery"
        ]
      },
      "configuration": {
        "properties": {
          "profile": "system:default"
        }
      },
      "itemName": "SensoreTemperaturaCameraDaLetto_LowBattery"
    }
  },
  "SensoreTemperaturaZonaIngresso_Humidity -\u003e mihome:sensor_weather_v1:158d000278656e:humidity": {
    "class": "org.eclipse.smarthome.core.thing.link.ItemChannelLink",
    "value": {
      "channelUID": {
        "segments": [
          "mihome",
          "sensor_weather_v1",
          "158d000278656e",
          "humidity"
        ]
      },
      "configuration": {
        "properties": {
          "profile": "system:default"
        }
      },
      "itemName": "SensoreTemperaturaZonaIngresso_Humidity"
    }
  },
  "Sonoff4CHLuciTerrazzo_PlafonieraTerrazzoDX -\u003e mqtt:topic:63da2ff2:3": {
    "class": "org.eclipse.smarthome.core.thing.link.ItemChannelLink",
    "value": {
      "channelUID": {
        "segments": [
          "mqtt",
          "topic",
          "63da2ff2",
          "3"
        ]
      },
      "configuration": {
        "properties": {
          "profile": "system:default"
        }
      },
      "itemName": "Sonoff4CHLuciTerrazzo_PlafonieraTerrazzoDX"
    }
  },
  "LampadaScrivania_Switch -\u003e hue:0010:001788acdb70:11:switch": {
    "class": "org.eclipse.smarthome.core.thing.link.ItemChannelLink",
    "value": {
      "channelUID": {
        "segments": [
          "hue",
          "0010",
          "001788acdb70",
          "11",
          "switch"
        ]
      },
      "configuration": {
        "properties": {
          "profile": "system:default"
        }
      },
      "itemName": "LampadaScrivania_Switch"
    }
  },
  "Shelly13284ecCabinaArmadio_CabinaArmadio -\u003e mqtt:topic:f73bb55e:0": {
    "class": "org.eclipse.smarthome.core.thing.link.ItemChannelLink",
    "value": {
      "channelUID": {
        "segments": [
          "mqtt",
          "topic",
          "f73bb55e",
          "0"
        ]
      },
      "configuration": {
        "properties": {
          "profile": "system:default"
        }
      },
      "itemName": "Shelly13284ecCabinaArmadio_CabinaArmadio"
    }
  },
  "SensoreTempZonaIngresso_Temperature -\u003e mihome:sensor_weather_v1:158d000278656e:temperature": {
    "class": "org.eclipse.smarthome.core.thing.link.ItemChannelLink",
    "value": {
      "channelUID": {
        "segments": [
          "mihome",
          "sensor_weather_v1",
          "158d000278656e",
          "temperature"
        ]
      },
      "configuration": {
        "properties": {
          "profile": "system:default"
        }
      },
      "itemName": "SensoreTempZonaIngresso_Temperature"
    }
  },
  "SW_Faretto1Corridoio -\u003e mqtt:topic:c6895b28:1": {
    "class": "org.eclipse.smarthome.core.thing.link.ItemChannelLink",
    "value": {
      "channelUID": {
        "segments": [
          "mqtt",
          "topic",
          "c6895b28",
          "1"
        ]
      },
      "configuration": {
        "properties": {
          "profile": "system:default"
        }
      },
      "itemName": "SW_Faretto1Corridoio"
    }
  },
  "SensoriTemperatura_TemperaturaZonaGiorno -\u003e mqtt:topic:d2183f6e:2": {
    "class": "org.eclipse.smarthome.core.thing.link.ItemChannelLink",
    "value": {
      "channelUID": {
        "segments": [
          "mqtt",
          "topic",
          "d2183f6e",
          "2"
        ]
      },
      "configuration": {
        "properties": {
          "profile": "system:default"
        }
      },
      "itemName": "SensoriTemperatura_TemperaturaZonaGiorno"
    }
  },
  "SensoreTemperaturaZonaNotte_Humidity -\u003e mihome:sensor_weather_v1:158d000272c82e:humidity": {
    "class": "org.eclipse.smarthome.core.thing.link.ItemChannelLink",
    "value": {
      "channelUID": {
        "segments": [
          "mihome",
          "sensor_weather_v1",
          "158d000272c82e",
          "humidity"
        ]
      },
      "configuration": {
        "properties": {
          "profile": "system:default"
        }
      },
      "itemName": "SensoreTemperaturaZonaNotte_Humidity"
    }
  },
  "I2Cucina_LED1 -\u003e mqtt:topic:24d8fe46:3": {
    "class": "org.eclipse.smarthome.core.thing.link.ItemChannelLink",
    "value": {
      "channelUID": {
        "segments": [
          "mqtt",
          "topic",
          "24d8fe46",
          "3"
        ]
      },
      "configuration": {
        "properties": {
          "profile": "system:default"
        }
      },
      "itemName": "I2Cucina_LED1"
    }
  },
  "WeatherAndForecast_Current_OutdoorTemperature -\u003e openweathermap:weather-and-forecast:e0a5cf20:current#temperature": {
    "class": "org.eclipse.smarthome.core.thing.link.ItemChannelLink",
    "value": {
      "channelUID": {
        "segments": [
          "openweathermap",
          "weather-and-forecast",
          "e0a5cf20",
          "current#temperature"
        ]
      },
      "configuration": {
        "properties": {
          "profile": "system:default"
        }
      },
      "itemName": "WeatherAndForecast_Current_OutdoorTemperature"
    }
  },
  "GestioneClima_Caldaia -\u003e mqtt:topic:d433723d:5": {
    "class": "org.eclipse.smarthome.core.thing.link.ItemChannelLink",
    "value": {
      "channelUID": {
        "segments": [
          "mqtt",
          "topic",
          "d433723d",
          "5"
        ]
      },
      "configuration": {
        "properties": {
          "profile": "system:default"
        }
      },
      "itemName": "GestioneClima_Caldaia"
    }
  },
  "WeatherAndForecast_Current_WeatherCondition -\u003e openweathermap:weather-and-forecast:e0a5cf20:current#condition": {
    "class": "org.eclipse.smarthome.core.thing.link.ItemChannelLink",
    "value": {
      "channelUID": {
        "segments": [
          "openweathermap",
          "weather-and-forecast",
          "e0a5cf20",
          "current#condition"
        ]
      },
      "configuration": {
        "properties": {
          "profile": "system:default"
        }
      },
      "itemName": "WeatherAndForecast_Current_WeatherCondition"
    }
  },
  "SensoreTempZonaNotte_Temperature -\u003e mihome:sensor_weather_v1:158d000272c82e:temperature": {
    "class": "org.eclipse.smarthome.core.thing.link.ItemChannelLink",
    "value": {
      "channelUID": {
        "segments": [
          "mihome",
          "sensor_weather_v1",
          "158d000272c82e",
          "temperature"
        ]
      },
      "configuration": {
        "properties": {
          "profile": "system:default"
        }
      },
      "itemName": "SensoreTempZonaNotte_Temperature"
    }
  },
  "LedCucina_Color -\u003e hue:0210:001788acdb70:6:color": {
    "class": "org.eclipse.smarthome.core.thing.link.ItemChannelLink",
    "value": {
      "channelUID": {
        "segments": [
          "hue",
          "0210",
          "001788acdb70",
          "6",
          "color"
        ]
      },
      "configuration": {
        "properties": {
          "profile": "system:default"
        }
      },
      "itemName": "LedCucina_Color"
    }
  },
  "XiaomiMiSmartHomeGateway_Color -\u003e mihome:gateway:04cf8ca2c045:color": {
    "class": "org.eclipse.smarthome.core.thing.link.ItemChannelLink",
    "value": {
      "channelUID": {
        "segments": [
          "mihome",
          "gateway",
          "04cf8ca2c045",
          "color"
        ]
      },
      "configuration": {
        "properties": {
          "profile": "system:default"
        }
      },
      "itemName": "XiaomiMiSmartHomeGateway_Color"
    }
  },
  "Shellyswitch2574083DIngressino_LuceIngresso -\u003e mqtt:topic:c1bb8d02:0": {
    "class": "org.eclipse.smarthome.core.thing.link.ItemChannelLink",
    "value": {
      "channelUID": {
        "segments": [
          "mqtt",
          "topic",
          "c1bb8d02",
          "0"
        ]
      },
      "configuration": {
        "properties": {
          "profile": "system:default"
        }
      },
      "itemName": "Shellyswitch2574083DIngressino_LuceIngresso"
    }
  },
  "Shelly942378Binario_BinarioMansarda -\u003e mqtt:topic:035a0584:0": {
    "class": "org.eclipse.smarthome.core.thing.link.ItemChannelLink",
    "value": {
      "channelUID": {
        "segments": [
          "mqtt",
          "topic",
          "035a0584",
          "0"
        ]
      },
      "configuration": {
        "properties": {
          "profile": "system:default"
        }
      },
      "itemName": "Shelly942378Binario_BinarioMansarda"
    }
  },
  "Shelly25ZonaNotte_Antibagno -\u003e mqtt:topic:fd0062fc:2": {
    "class": "org.eclipse.smarthome.core.thing.link.ItemChannelLink",
    "value": {
      "channelUID": {
        "segments": [
          "mqtt",
          "topic",
          "fd0062fc",
          "2"
        ]
      },
      "configuration": {
        "properties": {
          "profile": "system:default"
        }
      },
      "itemName": "Shelly25ZonaNotte_Antibagno"
    }
  },
  "WD1Sala_SWB -\u003e mqtt:topic:7955dfa9:2": {
    "class": "org.eclipse.smarthome.core.thing.link.ItemChannelLink",
    "value": {
      "channelUID": {
        "segments": [
          "mqtt",
          "topic",
          "7955dfa9",
          "2"
        ]
      },
      "configuration": {
        "properties": {
          "profile": "system:default"
        }
      },
      "itemName": "WD1Sala_SWB"
    }
  },
  "WD1EXTCucina_LuciEsterneCucina -\u003e mqtt:topic:9cd9f3e1:1": {
    "class": "org.eclipse.smarthome.core.thing.link.ItemChannelLink",
    "value": {
      "channelUID": {
        "segments": [
          "mqtt",
          "topic",
          "9cd9f3e1",
          "1"
        ]
      },
      "configuration": {
        "properties": {
          "profile": "system:default"
        }
      },
      "itemName": "WD1EXTCucina_LuciEsterneCucina"
    }
  },
  "I2Cucina_LED2 -\u003e mqtt:topic:24d8fe46:4": {
    "class": "org.eclipse.smarthome.core.thing.link.ItemChannelLink",
    "value": {
      "channelUID": {
        "segments": [
          "mqtt",
          "topic",
          "24d8fe46",
          "4"
        ]
      },
      "configuration": {
        "properties": {
          "profile": "system:default"
        }
      },
      "itemName": "I2Cucina_LED2"
    }
  },
  "Scene_LuciTutteOFF -\u003e mqtt:topic:ed8ccabe:2": {
    "class": "org.eclipse.smarthome.core.thing.link.ItemChannelLink",
    "value": {
      "channelUID": {
        "segments": [
          "mqtt",
          "topic",
          "ed8ccabe",
          "2"
        ]
      },
      "configuration": {
        "properties": {
          "profile": "system:default"
        }
      },
      "itemName": "Scene_LuciTutteOFF"
    }
  },
  "WD1PortaIngresso_SwInCasa -\u003e mqtt:topic:358aca5a:0": {
    "class": "org.eclipse.smarthome.core.thing.link.ItemChannelLink",
    "value": {
      "channelUID": {
        "segments": [
          "mqtt",
          "topic",
          "358aca5a",
          "0"
        ]
      },
      "configuration": {
        "properties": {
          "profile": "system:default"
        }
      },
      "itemName": "WD1PortaIngresso_SwInCasa"
    }
  },
  "SensoreBalconeCameraDaLetto_LowBattery -\u003e mihome:sensor_magnet_aq2:158d0002518c89:lowBattery": {
    "class": "org.eclipse.smarthome.core.thing.link.ItemChannelLink",
    "value": {
      "channelUID": {
        "segments": [
          "mihome",
          "sensor_magnet_aq2",
          "158d0002518c89",
          "lowBattery"
        ]
      },
      "configuration": {
        "properties": {
          "profile": "system:default"
        }
      },
      "itemName": "SensoreBalconeCameraDaLetto_LowBattery"
    }
  },
  "AstroSunData_Night_StartTime -\u003e astro:sun:2449cb73:night#start": {
    "class": "org.eclipse.smarthome.core.thing.link.ItemChannelLink",
    "value": {
      "channelUID": {
        "segments": [
          "astro",
          "sun",
          "2449cb73",
          "night#start"
        ]
      },
      "configuration": {
        "properties": {
          "profile": "system:default"
        }
      },
      "itemName": "AstroSunData_Night_StartTime"
    }
  },
  "Scene_CucinaSalaCNT -\u003e mqtt:topic:ed8ccabe:5": {
    "class": "org.eclipse.smarthome.core.thing.link.ItemChannelLink",
    "value": {
      "channelUID": {
        "segments": [
          "mqtt",
          "topic",
          "ed8ccabe",
          "5"
        ]
      },
      "configuration": {
        "properties": {
          "profile": "system:default"
        }
      },
      "itemName": "Scene_CucinaSalaCNT"
    }
  },
  "GestioneClima_LetturaTemperaturaZonaIngresso -\u003e mqtt:topic:d433723d:4": {
    "class": "org.eclipse.smarthome.core.thing.link.ItemChannelLink",
    "value": {
      "channelUID": {
        "segments": [
          "mqtt",
          "topic",
          "d433723d",
          "4"
        ]
      },
      "configuration": {
        "properties": {
          "profile": "system:default"
        }
      },
      "itemName": "GestioneClima_LetturaTemperaturaZonaIngresso"
    }
  },
  "Cube_Azione -\u003e mqtt:topic:080c3cd9:1": {
    "class": "org.eclipse.smarthome.core.thing.link.ItemChannelLink",
    "value": {
      "channelUID": {
        "segments": [
          "mqtt",
          "topic",
          "080c3cd9",
          "1"
        ]
      },
      "configuration": {
        "properties": {
          "profile": "system:default"
        }
      },
      "itemName": "Cube_Azione"
    }
  },
  "SonoffBridge_PIRScale -\u003e mqtt:topic:6da3c235:2": {
    "class": "org.eclipse.smarthome.core.thing.link.ItemChannelLink",
    "value": {
      "channelUID": {
        "segments": [
          "mqtt",
          "topic",
          "6da3c235",
          "2"
        ]
      },
      "configuration": {
        "properties": {
          "profile": "system:default"
        }
      },
      "itemName": "SonoffBridge_PIRScale"
    }
  },
  "Shelly2CameraDaLetto_FarettiCameraDaLetto -\u003e mqtt:topic:e22c2226:1": {
    "class": "org.eclipse.smarthome.core.thing.link.ItemChannelLink",
    "value": {
      "channelUID": {
        "segments": [
          "mqtt",
          "topic",
          "e22c2226",
          "1"
        ]
      },
      "configuration": {
        "properties": {
          "profile": "system:default"
        }
      },
      "itemName": "Shelly2CameraDaLetto_FarettiCameraDaLetto"
    }
  },
  "I2ingresso_Button1 -\u003e mqtt:topic:a11ad198:1": {
    "class": "org.eclipse.smarthome.core.thing.link.ItemChannelLink",
    "value": {
      "channelUID": {
        "segments": [
          "mqtt",
          "topic",
          "a11ad198",
          "1"
        ]
      },
      "configuration": {
        "properties": {
          "profile": "system:default"
        }
      },
      "itemName": "I2ingresso_Button1"
    }
  },
  "LEDScrivania_ColorTemperature -\u003e hue:0210:001788acdb70:9:color_temperature": {
    "class": "org.eclipse.smarthome.core.thing.link.ItemChannelLink",
    "value": {
      "channelUID": {
        "segments": [
          "hue",
          "0210",
          "001788acdb70",
          "9",
          "color_temperature"
        ]
      },
      "configuration": {
        "properties": {
          "profile": "system:default"
        }
      },
      "itemName": "LEDScrivania_ColorTemperature"
    }
  },
  "Shelly2CameraDaLetto_LampadarioCameraDaLetto -\u003e mqtt:topic:e22c2226:2": {
    "class": "org.eclipse.smarthome.core.thing.link.ItemChannelLink",
    "value": {
      "channelUID": {
        "segments": [
          "mqtt",
          "topic",
          "e22c2226",
          "2"
        ]
      },
      "configuration": {
        "properties": {
          "profile": "system:default"
        }
      },
      "itemName": "Shelly2CameraDaLetto_LampadarioCameraDaLetto"
    }
  },
  "ShellyCorridoio_FarettiIngresso1 -\u003e mqtt:topic:2609f7e7:1": {
    "class": "org.eclipse.smarthome.core.thing.link.ItemChannelLink",
    "value": {
      "channelUID": {
        "segments": [
          "mqtt",
          "topic",
          "2609f7e7",
          "1"
        ]
      },
      "configuration": {
        "properties": {
          "profile": "system:default"
        }
      },
      "itemName": "ShellyCorridoio_FarettiIngresso1"
    }
  },
  "Shellyswitch2574083DIngressino_LuceIngressino -\u003e mqtt:topic:c1bb8d02:1": {
    "class": "org.eclipse.smarthome.core.thing.link.ItemChannelLink",
    "value": {
      "channelUID": {
        "segments": [
          "mqtt",
          "topic",
          "c1bb8d02",
          "1"
        ]
      },
      "configuration": {
        "properties": {
          "profile": "system:default"
        }
      },
      "itemName": "Shellyswitch2574083DIngressino_LuceIngressino"
    }
  },
  "SensoreTemperaturaZonaIngresso_LowBattery -\u003e mihome:sensor_weather_v1:158d000278656e:lowBattery": {
    "class": "org.eclipse.smarthome.core.thing.link.ItemChannelLink",
    "value": {
      "channelUID": {
        "segments": [
          "mihome",
          "sensor_weather_v1",
          "158d000278656e",
          "lowBattery"
        ]
      },
      "configuration": {
        "properties": {
          "profile": "system:default"
        }
      },
      "itemName": "SensoreTemperaturaZonaIngresso_LowBattery"
    }
  },
  "GestioneClima_LetturaUmiditCucina -\u003e mqtt:topic:d433723d:9": {
    "class": "org.eclipse.smarthome.core.thing.link.ItemChannelLink",
    "value": {
      "channelUID": {
        "segments": [
          "mqtt",
          "topic",
          "d433723d",
          "9"
        ]
      },
      "configuration": {
        "properties": {
          "profile": "system:default"
        }
      },
      "itemName": "GestioneClima_LetturaUmiditCucina"
    }
  },
  "GestioneClima_Termoarredi -\u003e mqtt:topic:d433723d:6": {
    "class": "org.eclipse.smarthome.core.thing.link.ItemChannelLink",
    "value": {
      "channelUID": {
        "segments": [
          "mqtt",
          "topic",
          "d433723d",
          "6"
        ]
      },
      "configuration": {
        "properties": {
          "profile": "system:default"
        }
      },
      "itemName": "GestioneClima_Termoarredi"
    }
  },
  "I2sala_Button1 -\u003e mqtt:topic:5f82e89b:1": {
    "class": "org.eclipse.smarthome.core.thing.link.ItemChannelLink",
    "value": {
      "channelUID": {
        "segments": [
          "mqtt",
          "topic",
          "5f82e89b",
          "1"
        ]
      },
      "configuration": {
        "properties": {
          "profile": "system:default"
        }
      },
      "itemName": "I2sala_Button1"
    }
  },
  "SensorePortone_LowBattery -\u003e mihome:sensor_magnet_aq2:158d00027356ff:lowBattery": {
    "class": "org.eclipse.smarthome.core.thing.link.ItemChannelLink",
    "value": {
      "channelUID": {
        "segments": [
          "mihome",
          "sensor_magnet_aq2",
          "158d00027356ff",
          "lowBattery"
        ]
      },
      "configuration": {
        "properties": {
          "profile": "system:default"
        }
      },
      "itemName": "SensorePortone_LowBattery"
    }
  },
  "Shelly2CameraDaLetto_Potenza -\u003e mqtt:topic:e22c2226:3": {
    "class": "org.eclipse.smarthome.core.thing.link.ItemChannelLink",
    "value": {
      "channelUID": {
        "segments": [
          "mqtt",
          "topic",
          "e22c2226",
          "3"
        ]
      },
      "configuration": {
        "properties": {
          "profile": "system:default"
        }
      },
      "itemName": "Shelly2CameraDaLetto_Potenza"
    }
  },
  "SonoffLuciRinghiera_LuciRinghiera -\u003e mqtt:topic:99f7b7ea:1": {
    "class": "org.eclipse.smarthome.core.thing.link.ItemChannelLink",
    "value": {
      "channelUID": {
        "segments": [
          "mqtt",
          "topic",
          "99f7b7ea",
          "1"
        ]
      },
      "configuration": {
        "properties": {
          "profile": "system:default"
        }
      },
      "itemName": "SonoffLuciRinghiera_LuciRinghiera"
    }
  },
  "NeoPixel_OnOff -\u003e mqtt:topic:18f66a78:1": {
    "class": "org.eclipse.smarthome.core.thing.link.ItemChannelLink",
    "value": {
      "channelUID": {
        "segments": [
          "mqtt",
          "topic",
          "18f66a78",
          "1"
        ]
      },
      "configuration": {
        "properties": {
          "profile": "system:default"
        }
      },
      "itemName": "NeoPixel_OnOff"
    }
  },
  "Sonoff4chCentralino_AppliquesTerrazzino -\u003e mqtt:topic:06b086fa:1": {
    "class": "org.eclipse.smarthome.core.thing.link.ItemChannelLink",
    "value": {
      "channelUID": {
        "segments": [
          "mqtt",
          "topic",
          "06b086fa",
          "1"
        ]
      },
      "configuration": {
        "properties": {
          "profile": "system:default"
        }
      },
      "itemName": "Sonoff4chCentralino_AppliquesTerrazzino"
    }
  },
  "Claretta_Brightness -\u003e hue:0100:001788acdb70:13:brightness": {
    "class": "org.eclipse.smarthome.core.thing.link.ItemChannelLink",
    "value": {
      "channelUID": {
        "segments": [
          "hue",
          "0100",
          "001788acdb70",
          "13",
          "brightness"
        ]
      },
      "configuration": {
        "properties": {
          "profile": "system:default"
        }
      },
      "itemName": "Claretta_Brightness"
    }
  },
  "SensoreBalconeIngressino_LowBattery -\u003e mihome:sensor_magnet_aq2:158d0002735d64:lowBattery": {
    "class": "org.eclipse.smarthome.core.thing.link.ItemChannelLink",
    "value": {
      "channelUID": {
        "segments": [
          "mihome",
          "sensor_magnet_aq2",
          "158d0002735d64",
          "lowBattery"
        ]
      },
      "configuration": {
        "properties": {
          "profile": "system:default"
        }
      },
      "itemName": "SensoreBalconeIngressino_LowBattery"
    }
  },
  "Shelly25ZonaNotte_Bagno -\u003e mqtt:topic:fd0062fc:1": {
    "class": "org.eclipse.smarthome.core.thing.link.ItemChannelLink",
    "value": {
      "channelUID": {
        "segments": [
          "mqtt",
          "topic",
          "fd0062fc",
          "1"
        ]
      },
      "configuration": {
        "properties": {
          "profile": "system:default"
        }
      },
      "itemName": "Shelly25ZonaNotte_Bagno"
    }
  },
  "Sonoff4CHLuciTerrazzo_PlafonieraTerrazzoSX -\u003e mqtt:topic:63da2ff2:4": {
    "class": "org.eclipse.smarthome.core.thing.link.ItemChannelLink",
    "value": {
      "channelUID": {
        "segments": [
          "mqtt",
          "topic",
          "63da2ff2",
          "4"
        ]
      },
      "configuration": {
        "properties": {
          "profile": "system:default"
        }
      },
      "itemName": "Sonoff4CHLuciTerrazzo_PlafonieraTerrazzoSX"
    }
  },
  "Shelly25ZonaNotte_PotenzaZonaNotte -\u003e mqtt:topic:fd0062fc:3": {
    "class": "org.eclipse.smarthome.core.thing.link.ItemChannelLink",
    "value": {
      "channelUID": {
        "segments": [
          "mqtt",
          "topic",
          "fd0062fc",
          "3"
        ]
      },
      "configuration": {
        "properties": {
          "profile": "system:default"
        }
      },
      "itemName": "Shelly25ZonaNotte_PotenzaZonaNotte"
    }
  },
  "ShellyCorridoio_LongPushCorridoio -\u003e mqtt:topic:2609f7e7:2": {
    "class": "org.eclipse.smarthome.core.thing.link.ItemChannelLink",
    "value": {
      "channelUID": {
        "segments": [
          "mqtt",
          "topic",
          "2609f7e7",
          "2"
        ]
      },
      "configuration": {
        "properties": {
          "profile": "system:default"
        }
      },
      "itemName": "ShellyCorridoio_LongPushCorridoio"
    }
  },
  "TVSalaPower -\u003e samsungtv:tv:0a21fe80_00aa_1000_a87f_0c8910bebd97:power": {
    "class": "org.eclipse.smarthome.core.thing.link.ItemChannelLink",
    "value": {
      "channelUID": {
        "segments": [
          "samsungtv",
          "tv",
          "0a21fe80_00aa_1000_a87f_0c8910bebd97",
          "power"
        ]
      },
      "configuration": {
        "properties": {
          "profile": "system:default"
        }
      },
      "itemName": "TVSalaPower"
    }
  },
  "Scene_CorridoioCucina -\u003e mqtt:topic:ed8ccabe:4": {
    "class": "org.eclipse.smarthome.core.thing.link.ItemChannelLink",
    "value": {
      "channelUID": {
        "segments": [
          "mqtt",
          "topic",
          "ed8ccabe",
          "4"
        ]
      },
      "configuration": {
        "properties": {
          "profile": "system:default"
        }
      },
      "itemName": "Scene_CorridoioCucina"
    }
  },
  "I2Cucina_Button1 -\u003e mqtt:topic:24d8fe46:1": {
    "class": "org.eclipse.smarthome.core.thing.link.ItemChannelLink",
    "value": {
      "channelUID": {
        "segments": [
          "mqtt",
          "topic",
          "24d8fe46",
          "1"
        ]
      },
      "configuration": {
        "properties": {
          "profile": "system:default"
        }
      },
      "itemName": "I2Cucina_Button1"
    }
  },
  "LedCucina_ColorTemperature -\u003e hue:0210:001788acdb70:6:color_temperature": {
    "class": "org.eclipse.smarthome.core.thing.link.ItemChannelLink",
    "value": {
      "channelUID": {
        "segments": [
          "hue",
          "0210",
          "001788acdb70",
          "6",
          "color_temperature"
        ]
      },
      "configuration": {
        "properties": {
          "profile": "system:default"
        }
      },
      "itemName": "LedCucina_ColorTemperature"
    }
  },
  "SirenaAntifurto_AUX -\u003e mqtt:topic:3a624250:2": {
    "class": "org.eclipse.smarthome.core.thing.link.ItemChannelLink",
    "value": {
      "channelUID": {
        "segments": [
          "mqtt",
          "topic",
          "3a624250",
          "2"
        ]
      },
      "configuration": {
        "properties": {
          "profile": "system:default"
        }
      },
      "itemName": "SirenaAntifurto_AUX"
    }
  },
  "Allarmi_AllarmeAttivato -\u003e mqtt:topic:e05f251f:1": {
    "class": "org.eclipse.smarthome.core.thing.link.ItemChannelLink",
    "value": {
      "channelUID": {
        "segments": [
          "mqtt",
          "topic",
          "e05f251f",
          "1"
        ]
      },
      "configuration": {
        "properties": {
          "profile": "system:default"
        }
      },
      "itemName": "Allarmi_AllarmeAttivato"
    }
  },
  "Sonoff4CHLuciTerrazzo_PlafonieraTerrazzoCENTRO -\u003e mqtt:topic:63da2ff2:2": {
    "class": "org.eclipse.smarthome.core.thing.link.ItemChannelLink",
    "value": {
      "channelUID": {
        "segments": [
          "mqtt",
          "topic",
          "63da2ff2",
          "2"
        ]
      },
      "configuration": {
        "properties": {
          "profile": "system:default"
        }
      },
      "itemName": "Sonoff4CHLuciTerrazzo_PlafonieraTerrazzoCENTRO"
    }
  },
  "SonoffLuceBalcone2_LuceBalcone2 -\u003e mqtt:topic:e22a61c2:1": {
    "class": "org.eclipse.smarthome.core.thing.link.ItemChannelLink",
    "value": {
      "channelUID": {
        "segments": [
          "mqtt",
          "topic",
          "e22a61c2",
          "1"
        ]
      },
      "configuration": {
        "properties": {
          "profile": "system:default"
        }
      },
      "itemName": "SonoffLuceBalcone2_LuceBalcone2"
    }
  },
  "GestioneClima_LetturaTempCameraDaLetto -\u003e mqtt:topic:d433723d:3": {
    "class": "org.eclipse.smarthome.core.thing.link.ItemChannelLink",
    "value": {
      "channelUID": {
        "segments": [
          "mqtt",
          "topic",
          "d433723d",
          "3"
        ]
      },
      "configuration": {
        "properties": {
          "profile": "system:default"
        }
      },
      "itemName": "GestioneClima_LetturaTempCameraDaLetto"
    }
  },
  "Sonoff4CHLuciCucinaIngresso_FarettiCucina -\u003e mqtt:topic:eda43408:1": {
    "class": "org.eclipse.smarthome.core.thing.link.ItemChannelLink",
    "value": {
      "channelUID": {
        "segments": [
          "mqtt",
          "topic",
          "eda43408",
          "1"
        ]
      },
      "configuration": {
        "properties": {
          "profile": "system:default"
        }
      },
      "itemName": "Sonoff4CHLuciCucinaIngresso_FarettiCucina"
    }
  },
  "I2ingresso_LED1 -\u003e mqtt:topic:a11ad198:2": {
    "class": "org.eclipse.smarthome.core.thing.link.ItemChannelLink",
    "value": {
      "channelUID": {
        "segments": [
          "mqtt",
          "topic",
          "a11ad198",
          "2"
        ]
      },
      "configuration": {
        "properties": {
          "profile": "system:default"
        }
      },
      "itemName": "I2ingresso_LED1"
    }
  },
  "GestioneClima_Mansarda -\u003e mqtt:topic:d433723d:7": {
    "class": "org.eclipse.smarthome.core.thing.link.ItemChannelLink",
    "value": {
      "channelUID": {
        "segments": [
          "mqtt",
          "topic",
          "d433723d",
          "7"
        ]
      },
      "configuration": {
        "properties": {
          "profile": "system:default"
        }
      },
      "itemName": "GestioneClima_Mansarda"
    }
  },
  "GestioneClima_PrimoPiano -\u003e mqtt:topic:d433723d:8": {
    "class": "org.eclipse.smarthome.core.thing.link.ItemChannelLink",
    "value": {
      "channelUID": {
        "segments": [
          "mqtt",
          "topic",
          "d433723d",
          "8"
        ]
      },
      "configuration": {
        "properties": {
          "profile": "system:default"
        }
      },
      "itemName": "GestioneClima_PrimoPiano"
    }
  },
  "SensorePresenzaSala_LowBattery -\u003e hue:0107:001788acdb70:11:battery_low": {
    "class": "org.eclipse.smarthome.core.thing.link.ItemChannelLink",
    "value": {
      "channelUID": {
        "segments": [
          "hue",
          "0107",
          "001788acdb70",
          "11",
          "battery_low"
        ]
      },
      "configuration": {
        "properties": {
          "profile": "system:default"
        }
      },
      "itemName": "SensorePresenzaSala_LowBattery"
    }
  },
  "Shellyht58F405TemperaturaZonaGiorno_TemperaturaZonaGiorno -\u003e mqtt:topic:a06b0e96:0": {
    "class": "org.eclipse.smarthome.core.thing.link.ItemChannelLink",
    "value": {
      "channelUID": {
        "segments": [
          "mqtt",
          "topic",
          "a06b0e96",
          "0"
        ]
      },
      "configuration": {
        "properties": {
          "profile": "system:default"
        }
      },
      "itemName": "Shellyht58F405TemperaturaZonaGiorno_TemperaturaZonaGiorno"
    }
  },
  "WD1ScaleInterne_PulsanteScaleInterne -\u003e mqtt:topic:81eee981:0": {
    "class": "org.eclipse.smarthome.core.thing.link.ItemChannelLink",
    "value": {
      "channelUID": {
        "segments": [
          "mqtt",
          "topic",
          "81eee981",
          "0"
        ]
      },
      "configuration": {
        "properties": {
          "profile": "system:default"
        }
      },
      "itemName": "WD1ScaleInterne_PulsanteScaleInterne"
    }
  },
  "XiaomiMiSmartHomeGateway_Illumination -\u003e mihome:gateway:04cf8ca2c045:illumination": {
    "class": "org.eclipse.smarthome.core.thing.link.ItemChannelLink",
    "value": {
      "channelUID": {
        "segments": [
          "mihome",
          "gateway",
          "04cf8ca2c045",
          "illumination"
        ]
      },
      "configuration": {
        "properties": {
          "profile": "system:default"
        }
      },
      "itemName": "XiaomiMiSmartHomeGateway_Illumination"
    }
  },
  "Sonoff4chCentralino_AppliqueBalcone3 -\u003e mqtt:topic:06b086fa:2": {
    "class": "org.eclipse.smarthome.core.thing.link.ItemChannelLink",
    "value": {
      "channelUID": {
        "segments": [
          "mqtt",
          "topic",
          "06b086fa",
          "2"
        ]
      },
      "configuration": {
        "properties": {
          "profile": "system:default"
        }
      },
      "itemName": "Sonoff4chCentralino_AppliqueBalcone3"
    }
  },
  "Ws21812_WS21812 -\u003e mqtt:topic:977ccb66:1": {
    "class": "org.eclipse.smarthome.core.thing.link.ItemChannelLink",
    "value": {
      "channelUID": {
        "segments": [
          "mqtt",
          "topic",
          "977ccb66",
          "1"
        ]
      },
      "configuration": {
        "properties": {
          "profile": "system:default"
        }
      },
      "itemName": "Ws21812_WS21812"
    }
  },
  "TemperaturaCameraDaLetto_Temperature -\u003e mihome:sensor_weather_v1:158d0002b56ec1:temperature": {
    "class": "org.eclipse.smarthome.core.thing.link.ItemChannelLink",
    "value": {
      "channelUID": {
        "segments": [
          "mihome",
          "sensor_weather_v1",
          "158d0002b56ec1",
          "temperature"
        ]
      },
      "configuration": {
        "properties": {
          "profile": "system:default"
        }
      },
      "itemName": "TemperaturaCameraDaLetto_Temperature"
    }
  },
  "WD1Penisola_SW02 -\u003e mqtt:topic:24d8fe46:1": {
    "class": "org.eclipse.smarthome.core.thing.link.ItemChannelLink",
    "value": {
      "channelUID": {
        "segments": [
          "mqtt",
          "topic",
          "24d8fe46",
          "1"
        ]
      },
      "configuration": {
        "properties": {
          "profile": "system:default"
        }
      },
      "itemName": "WD1Penisola_SW02"
    }
  },
  "SensorePresenzaSala_Motion -\u003e hue:0107:001788acdb70:11:presence": {
    "class": "org.eclipse.smarthome.core.thing.link.ItemChannelLink",
    "value": {
      "channelUID": {
        "segments": [
          "hue",
          "0107",
          "001788acdb70",
          "11",
          "presence"
        ]
      },
      "configuration": {
        "properties": {
          "profile": "system:default"
        }
      },
      "itemName": "SensorePresenzaSala_Motion"
    }
  },
  "Sonoff4CHLuciCucinaIngresso_LampadarioCucina -\u003e mqtt:topic:eda43408:4": {
    "class": "org.eclipse.smarthome.core.thing.link.ItemChannelLink",
    "value": {
      "channelUID": {
        "segments": [
          "mqtt",
          "topic",
          "eda43408",
          "4"
        ]
      },
      "configuration": {
        "properties": {
          "profile": "system:default"
        }
      },
      "itemName": "Sonoff4CHLuciCucinaIngresso_LampadarioCucina"
    }
  },
  "Shelly1E0F0D8AppliqueBalcone1_Shelly1E0F0D8AppliqueBalcone1 -\u003e mqtt:topic:875ed347:0": {
    "class": "org.eclipse.smarthome.core.thing.link.ItemChannelLink",
    "value": {
      "channelUID": {
        "segments": [
          "mqtt",
          "topic",
          "875ed347",
          "0"
        ]
      },
      "configuration": {
        "properties": {
          "profile": "system:default"
        }
      },
      "itemName": "Shelly1E0F0D8AppliqueBalcone1_Shelly1E0F0D8AppliqueBalcone1"
    }
  },
  "SensoriTemperatura_TemperaturaCameraDaLetto -\u003e mqtt:topic:d2183f6e:1": {
    "class": "org.eclipse.smarthome.core.thing.link.ItemChannelLink",
    "value": {
      "channelUID": {
        "segments": [
          "mqtt",
          "topic",
          "d2183f6e",
          "1"
        ]
      },
      "configuration": {
        "properties": {
          "profile": "system:default"
        }
      },
      "itemName": "SensoriTemperatura_TemperaturaCameraDaLetto"
    }
  },
  "Shelly193E98DEXTPortone_LucePortoneLongPush -\u003e mqtt:topic:79606dd8:2": {
    "class": "org.eclipse.smarthome.core.thing.link.ItemChannelLink",
    "value": {
      "channelUID": {
        "segments": [
          "mqtt",
          "topic",
          "79606dd8",
          "2"
        ]
      },
      "configuration": {
        "properties": {
          "profile": "system:default"
        }
      },
      "itemName": "Shelly193E98DEXTPortone_LucePortoneLongPush"
    }
  },
  "GestioneClima_LetturaTemperaturaMansarda -\u003e mqtt:topic:d433723d:2": {
    "class": "org.eclipse.smarthome.core.thing.link.ItemChannelLink",
    "value": {
      "channelUID": {
        "segments": [
          "mqtt",
          "topic",
          "d433723d",
          "2"
        ]
      },
      "configuration": {
        "properties": {
          "profile": "system:default"
        }
      },
      "itemName": "GestioneClima_LetturaTemperaturaMansarda"
    }
  },
  "I2sala_LED1 -\u003e mqtt:topic:5f82e89b:3": {
    "class": "org.eclipse.smarthome.core.thing.link.ItemChannelLink",
    "value": {
      "channelUID": {
        "segments": [
          "mqtt",
          "topic",
          "5f82e89b",
          "3"
        ]
      },
      "configuration": {
        "properties": {
          "profile": "system:default"
        }
      },
      "itemName": "I2sala_LED1"
    }
  },
  "AstroSunData_Set_StartTime -\u003e astro:sun:2449cb73:set#start": {
    "class": "org.eclipse.smarthome.core.thing.link.ItemChannelLink",
    "value": {
      "channelUID": {
        "segments": [
          "astro",
          "sun",
          "2449cb73",
          "set#start"
        ]
      },
      "configuration": {
        "properties": {
          "profile": "system:default"
        }
      },
      "itemName": "AstroSunData_Set_StartTime"
    }
  },
  "SonoffBasicLuceCancello_LuceCancello -\u003e mqtt:topic:f63262d9:1": {
    "class": "org.eclipse.smarthome.core.thing.link.ItemChannelLink",
    "value": {
      "channelUID": {
        "segments": [
          "mqtt",
          "topic",
          "f63262d9",
          "1"
        ]
      },
      "configuration": {
        "properties": {
          "profile": "system:default"
        }
      },
      "itemName": "SonoffBasicLuceCancello_LuceCancello"
    }
  },
  "SensoreBalconeCucina_LowBattery -\u003e mihome:sensor_magnet_aq2:158d0002735d08:lowBattery": {
    "class": "org.eclipse.smarthome.core.thing.link.ItemChannelLink",
    "value": {
      "channelUID": {
        "segments": [
          "mihome",
          "sensor_magnet_aq2",
          "158d0002735d08",
          "lowBattery"
        ]
      },
      "configuration": {
        "properties": {
          "profile": "system:default"
        }
      },
      "itemName": "SensoreBalconeCucina_LowBattery"
    }
  },
  "Sonoff4CHLuciCucinaCorridoio_CorridoioFaretto3 -\u003e mqtt:topic:c22fb6a9:3": {
    "class": "org.eclipse.smarthome.core.thing.link.ItemChannelLink",
    "value": {
      "channelUID": {
        "segments": [
          "mqtt",
          "topic",
          "c22fb6a9",
          "3"
        ]
      },
      "configuration": {
        "properties": {
          "profile": "system:default"
        }
      },
      "itemName": "Sonoff4CHLuciCucinaCorridoio_CorridoioFaretto3"
    }
  },
  "LedCucinaCorridoio_ColorTemperature -\u003e hue:0210:001788acdb70:4:color_temperature": {
    "class": "org.eclipse.smarthome.core.thing.link.ItemChannelLink",
    "value": {
      "channelUID": {
        "segments": [
          "hue",
          "0210",
          "001788acdb70",
          "4",
          "color_temperature"
        ]
      },
      "configuration": {
        "properties": {
          "profile": "system:default"
        }
      },
      "itemName": "LedCucinaCorridoio_ColorTemperature"
    }
  },
  "SonoffBridge_PIRSensorTerrazzo -\u003e mqtt:topic:6da3c235:1": {
    "class": "org.eclipse.smarthome.core.thing.link.ItemChannelLink",
    "value": {
      "channelUID": {
        "segments": [
          "mqtt",
          "topic",
          "6da3c235",
          "1"
        ]
      },
      "configuration": {
        "properties": {
          "profile": "system:default"
        }
      },
      "itemName": "SonoffBridge_PIRSensorTerrazzo"
    }
  },
  "Sonoff4CHLuciTerrazzo_LuciColonne -\u003e mqtt:topic:63da2ff2:1": {
    "class": "org.eclipse.smarthome.core.thing.link.ItemChannelLink",
    "value": {
      "channelUID": {
        "segments": [
          "mqtt",
          "topic",
          "63da2ff2",
          "1"
        ]
      },
      "configuration": {
        "properties": {
          "profile": "system:default"
        }
      },
      "itemName": "Sonoff4CHLuciTerrazzo_LuciColonne"
    }
  },
  "S_Cucina_DiPassaggio -\u003e mqtt:topic:ed8ccabe:1": {
    "class": "org.eclipse.smarthome.core.thing.link.ItemChannelLink",
    "value": {
      "channelUID": {
        "segments": [
          "mqtt",
          "topic",
          "ed8ccabe",
          "1"
        ]
      },
      "configuration": {
        "properties": {
          "profile": "system:default"
        }
      },
      "itemName": "S_Cucina_DiPassaggio"
    }
  },
  "Sonoff4CHLuciCucinaCorridoio_CorridoioFaretto1 -\u003e mqtt:topic:c22fb6a9:1": {
    "class": "org.eclipse.smarthome.core.thing.link.ItemChannelLink",
    "value": {
      "channelUID": {
        "segments": [
          "mqtt",
          "topic",
          "c22fb6a9",
          "1"
        ]
      },
      "configuration": {
        "properties": {
          "profile": "system:default"
        }
      },
      "itemName": "Sonoff4CHLuciCucinaCorridoio_CorridoioFaretto1"
    }
  },
  "Cube_Side -\u003e mqtt:topic:080c3cd9:2": {
    "class": "org.eclipse.smarthome.core.thing.link.ItemChannelLink",
    "value": {
      "channelUID": {
        "segments": [
          "mqtt",
          "topic",
          "080c3cd9",
          "2"
        ]
      },
      "configuration": {
        "properties": {
          "profile": "system:default"
        }
      },
      "itemName": "Cube_Side"
    }
  },
  "Shellyswitch2574066BFarettiLateraliMansarda_LongPushCanale1 -\u003e mqtt:topic:fe13a522:3": {
    "class": "org.eclipse.smarthome.core.thing.link.ItemChannelLink",
    "value": {
      "channelUID": {
        "segments": [
          "mqtt",
          "topic",
          "fe13a522",
          "3"
        ]
      },
      "configuration": {
        "properties": {
          "profile": "system:default"
        }
      },
      "itemName": "Shellyswitch2574066BFarettiLateraliMansarda_LongPushCanale1"
    }
  },
  "TVLivingRoom_ChannelName -\u003e samsungtv:tv:0a21fe80_00aa_1000_a87f_0c8910bebd97:channelName": {
    "class": "org.eclipse.smarthome.core.thing.link.ItemChannelLink",
    "value": {
      "channelUID": {
        "segments": [
          "samsungtv",
          "tv",
          "0a21fe80_00aa_1000_a87f_0c8910bebd97",
          "channelName"
        ]
      },
      "configuration": {
        "properties": {
          "profile": "system:default"
        }
      },
      "itemName": "TVLivingRoom_ChannelName"
    }
  },
  "XiaomiMiSmartHomeGateway_Brightness -\u003e mihome:gateway:04cf8ca2c045:brightness": {
    "class": "org.eclipse.smarthome.core.thing.link.ItemChannelLink",
    "value": {
      "channelUID": {
        "segments": [
          "mihome",
          "gateway",
          "04cf8ca2c045",
          "brightness"
        ]
      },
      "configuration": {
        "properties": {
          "profile": "system:default"
        }
      },
      "itemName": "XiaomiMiSmartHomeGateway_Brightness"
    }
  },
  "SensoreBalconeCucina_OpenStatus -\u003e mihome:sensor_magnet_aq2:158d0002735d08:isOpen": {
    "class": "org.eclipse.smarthome.core.thing.link.ItemChannelLink",
    "value": {
      "channelUID": {
        "segments": [
          "mihome",
          "sensor_magnet_aq2",
          "158d0002735d08",
          "isOpen"
        ]
      },
      "configuration": {
        "properties": {
          "profile": "system:default"
        }
      },
      "itemName": "SensoreBalconeCucina_OpenStatus"
    }
  },
  "SensoreBalconeCameraDaLetto_OpenStatus -\u003e mihome:sensor_magnet_aq2:158d0002518c89:isOpen": {
    "class": "org.eclipse.smarthome.core.thing.link.ItemChannelLink",
    "value": {
      "channelUID": {
        "segments": [
          "mihome",
          "sensor_magnet_aq2",
          "158d0002518c89",
          "isOpen"
        ]
      },
      "configuration": {
        "properties": {
          "profile": "system:default"
        }
      },
      "itemName": "SensoreBalconeCameraDaLetto_OpenStatus"
    }
  },
  "Sonoff4CHLuciCucinaIngresso_LampadarioSala -\u003e mqtt:topic:eda43408:5": {
    "class": "org.eclipse.smarthome.core.thing.link.ItemChannelLink",
    "value": {
      "channelUID": {
        "segments": [
          "mqtt",
          "topic",
          "eda43408",
          "5"
        ]
      },
      "configuration": {
        "properties": {
          "profile": "system:default"
        }
      },
      "itemName": "Sonoff4CHLuciCucinaIngresso_LampadarioSala"
    }
  },
  "GestioneClima_ModalitAuto -\u003e mqtt:topic:d433723d:0": {
    "class": "org.eclipse.smarthome.core.thing.link.ItemChannelLink",
    "value": {
      "channelUID": {
        "segments": [
          "mqtt",
          "topic",
          "d433723d",
          "0"
        ]
      },
      "configuration": {
        "properties": {
          "profile": "system:default"
        }
      },
      "itemName": "GestioneClima_ModalitAuto"
    }
  },
  "Shelly193E98DEXTPortone_LuceEsternaPortone -\u003e mqtt:topic:79606dd8:0": {
    "class": "org.eclipse.smarthome.core.thing.link.ItemChannelLink",
    "value": {
      "channelUID": {
        "segments": [
          "mqtt",
          "topic",
          "79606dd8",
          "0"
        ]
      },
      "configuration": {
        "properties": {
          "profile": "system:default"
        }
      },
      "itemName": "Shelly193E98DEXTPortone_LuceEsternaPortone"
    }
  },
  "Alicia_Switch -\u003e hue:0010:001788acdb70:8:switch": {
    "class": "org.eclipse.smarthome.core.thing.link.ItemChannelLink",
    "value": {
      "channelUID": {
        "segments": [
          "hue",
          "0010",
          "001788acdb70",
          "8",
          "switch"
        ]
      },
      "configuration": {
        "properties": {
          "profile": "system:default"
        }
      },
      "itemName": "Alicia_Switch"
    }
  },
  "WeatherAndForecast_Current_AtmosphericHumidity -\u003e openweathermap:weather-and-forecast:e0a5cf20:current#humidity": {
    "class": "org.eclipse.smarthome.core.thing.link.ItemChannelLink",
    "value": {
      "channelUID": {
        "segments": [
          "openweathermap",
          "weather-and-forecast",
          "e0a5cf20",
          "current#humidity"
        ]
      },
      "configuration": {
        "properties": {
          "profile": "system:default"
        }
      },
      "itemName": "WeatherAndForecast_Current_AtmosphericHumidity"
    }
  },
  "SensoreTemperaturaSala_Temperature -\u003e hue:0302:001788acdb70:13:temperature": {
    "class": "org.eclipse.smarthome.core.thing.link.ItemChannelLink",
    "value": {
      "channelUID": {
        "segments": [
          "hue",
          "0302",
          "001788acdb70",
          "13",
          "temperature"
        ]
      },
      "configuration": {
        "properties": {
          "profile": "system:default"
        }
      },
      "itemName": "SensoreTemperaturaSala_Temperature"
    }
  },
  "SensoreLuminositaSala_LowBattery -\u003e hue:0106:001788acdb70:12:battery_low": {
    "class": "org.eclipse.smarthome.core.thing.link.ItemChannelLink",
    "value": {
      "channelUID": {
        "segments": [
          "hue",
          "0106",
          "001788acdb70",
          "12",
          "battery_low"
        ]
      },
      "configuration": {
        "properties": {
          "profile": "system:default"
        }
      },
      "itemName": "SensoreLuminositaSala_LowBattery"
    }
  },
  "WeatherAndForecast_Current_Icon -\u003e openweathermap:weather-and-forecast:e0a5cf20:current#icon": {
    "class": "org.eclipse.smarthome.core.thing.link.ItemChannelLink",
    "value": {
      "channelUID": {
        "segments": [
          "openweathermap",
          "weather-and-forecast",
          "e0a5cf20",
          "current#icon"
        ]
      },
      "configuration": {
        "properties": {
          "profile": "system:default"
        }
      },
      "itemName": "WeatherAndForecast_Current_Icon"
    }
  },
  "Faretto2Corridoio -\u003e mqtt:topic:9d89e567:1": {
    "class": "org.eclipse.smarthome.core.thing.link.ItemChannelLink",
    "value": {
      "channelUID": {
        "segments": [
          "mqtt",
          "topic",
          "9d89e567",
          "1"
        ]
      },
      "configuration": {
        "properties": {
          "profile": "system:default"
        }
      },
      "itemName": "Faretto2Corridoio"
    }
  },
  "LEDScrivania_Color -\u003e hue:0210:001788acdb70:9:color": {
    "class": "org.eclipse.smarthome.core.thing.link.ItemChannelLink",
    "value": {
      "channelUID": {
        "segments": [
          "hue",
          "0210",
          "001788acdb70",
          "9",
          "color"
        ]
      },
      "configuration": {
        "properties": {
          "profile": "system:default"
        }
      },
      "itemName": "LEDScrivania_Color"
    }
  },
  "WD1Penisola_SW01 -\u003e mqtt:topic:24d8fe46:0": {
    "class": "org.eclipse.smarthome.core.thing.link.ItemChannelLink",
    "value": {
      "channelUID": {
        "segments": [
          "mqtt",
          "topic",
          "24d8fe46",
          "0"
        ]
      },
      "configuration": {
        "properties": {
          "profile": "system:default"
        }
      },
      "itemName": "WD1Penisola_SW01"
    }
  },
  "GestioneClima_LetturaTemperaturaSalaCucina -\u003e mqtt:topic:d433723d:1": {
    "class": "org.eclipse.smarthome.core.thing.link.ItemChannelLink",
    "value": {
      "channelUID": {
        "segments": [
          "mqtt",
          "topic",
          "d433723d",
          "1"
        ]
      },
      "configuration": {
        "properties": {
          "profile": "system:default"
        }
      },
      "itemName": "GestioneClima_LetturaTemperaturaSalaCucina"
    }
  },
  "I2sala_Button2 -\u003e mqtt:topic:5f82e89b:2": {
    "class": "org.eclipse.smarthome.core.thing.link.ItemChannelLink",
    "value": {
      "channelUID": {
        "segments": [
          "mqtt",
          "topic",
          "5f82e89b",
          "2"
        ]
      },
      "configuration": {
        "properties": {
          "profile": "system:default"
        }
      },
      "itemName": "I2sala_Button2"
    }
  },
  "SensoreBalconeCucina_SensoreBalconeCucina -\u003e mqtt:topic:9d69aae4:0": {
    "class": "org.eclipse.smarthome.core.thing.link.ItemChannelLink",
    "value": {
      "channelUID": {
        "segments": [
          "mqtt",
          "topic",
          "9d69aae4",
          "0"
        ]
      },
      "configuration": {
        "properties": {
          "profile": "system:default"
        }
      },
      "itemName": "SensoreBalconeCucina_SensoreBalconeCucina"
    }
  },
  "SensoreBalconeCucina_SensoreBalconeCucina -\u003e mqtt:topic:9d69aae4:1": {
    "class": "org.eclipse.smarthome.core.thing.link.ItemChannelLink",
    "value": {
      "channelUID": {
        "segments": [
          "mqtt",
          "topic",
          "9d69aae4",
          "1"
        ]
      },
      "configuration": {
        "properties": {
          "profile": "system:default"
        }
      },
      "itemName": "SensoreBalconeCucina_SensoreBalconeCucina"
    }
  },
  "AstroSunData_Position_Elevation -\u003e astro:sun:2449cb73:position#elevation": {
    "class": "org.eclipse.smarthome.core.thing.link.ItemChannelLink",
    "value": {
      "channelUID": {
        "segments": [
          "astro",
          "sun",
          "2449cb73",
          "position#elevation"
        ]
      },
      "configuration": {
        "properties": {
          "profile": "system:default"
        }
      },
      "itemName": "AstroSunData_Position_Elevation"
    }
  },
  "Shelly25ZonaNotte_PotenzaZonaNotte1 -\u003e mqtt:topic:fd0062fc:4": {
    "class": "org.eclipse.smarthome.core.thing.link.ItemChannelLink",
    "value": {
      "channelUID": {
        "segments": [
          "mqtt",
          "topic",
          "fd0062fc",
          "4"
        ]
      },
      "configuration": {
        "properties": {
          "profile": "system:default"
        }
      },
      "itemName": "Shelly25ZonaNotte_PotenzaZonaNotte1"
    }
  },
  "AstroSunData_Rise_StartTime -\u003e astro:sun:2449cb73:rise#start": {
    "class": "org.eclipse.smarthome.core.thing.link.ItemChannelLink",
    "value": {
      "channelUID": {
        "segments": [
          "astro",
          "sun",
          "2449cb73",
          "rise#start"
        ]
      },
      "configuration": {
        "properties": {
          "profile": "system:default"
        }
      },
      "itemName": "AstroSunData_Rise_StartTime"
    }
  },
  "WD1Sala_SWA -\u003e mqtt:topic:7955dfa9:1": {
    "class": "org.eclipse.smarthome.core.thing.link.ItemChannelLink",
    "value": {
      "channelUID": {
        "segments": [
          "mqtt",
          "topic",
          "7955dfa9",
          "1"
        ]
      },
      "configuration": {
        "properties": {
          "profile": "system:default"
        }
      },
      "itemName": "WD1Sala_SWA"
    }
  },
  "Shelly1Stireria_Stireria -\u003e mqtt:topic:ae51d18a:0": {
    "class": "org.eclipse.smarthome.core.thing.link.ItemChannelLink",
    "value": {
      "channelUID": {
        "segments": [
          "mqtt",
          "topic",
          "ae51d18a",
          "0"
        ]
      },
      "configuration": {
        "properties": {
          "profile": "system:default"
        }
      },
      "itemName": "Shelly1Stireria_Stireria"
    }
  },
  "Shellyswitch2574066BFarettiLateraliMansarda_FarettiLateraliStudio -\u003e mqtt:topic:fe13a522:1": {
    "class": "org.eclipse.smarthome.core.thing.link.ItemChannelLink",
    "value": {
      "channelUID": {
        "segments": [
          "mqtt",
          "topic",
          "fe13a522",
          "1"
        ]
      },
      "configuration": {
        "properties": {
          "profile": "system:default"
        }
      },
      "itemName": "Shellyswitch2574066BFarettiLateraliMansarda_FarettiLateraliStudio"
    }
  },
  "Scene_LuciTutteON -\u003e mqtt:topic:ed8ccabe:3": {
    "class": "org.eclipse.smarthome.core.thing.link.ItemChannelLink",
    "value": {
      "channelUID": {
        "segments": [
          "mqtt",
          "topic",
          "ed8ccabe",
          "3"
        ]
      },
      "configuration": {
        "properties": {
          "profile": "system:default"
        }
      },
      "itemName": "Scene_LuciTutteON"
    }
  },
  "SensoreTemperaturaCameretta_LowBattery -\u003e mihome:sensor_weather_v1:158d0002b55a25:lowBattery": {
    "class": "org.eclipse.smarthome.core.thing.link.ItemChannelLink",
    "value": {
      "channelUID": {
        "segments": [
          "mihome",
          "sensor_weather_v1",
          "158d0002b55a25",
          "lowBattery"
        ]
      },
      "configuration": {
        "properties": {
          "profile": "system:default"
        }
      },
      "itemName": "SensoreTemperaturaCameretta_LowBattery"
    }
  },
  "SensoreBalconeIngressino_OpenStatus -\u003e mihome:sensor_magnet_aq2:158d0002735d64:isOpen": {
    "class": "org.eclipse.smarthome.core.thing.link.ItemChannelLink",
    "value": {
      "channelUID": {
        "segments": [
          "mihome",
          "sensor_magnet_aq2",
          "158d0002735d64",
          "isOpen"
        ]
      },
      "configuration": {
        "properties": {
          "profile": "system:default"
        }
      },
      "itemName": "SensoreBalconeIngressino_OpenStatus"
    }
  },
  "Sonoff4CHLuciCucinaIngresso_FarettiCorridoioBagno -\u003e mqtt:topic:eda43408:2": {
    "class": "org.eclipse.smarthome.core.thing.link.ItemChannelLink",
    "value": {
      "channelUID": {
        "segments": [
          "mqtt",
          "topic",
          "eda43408",
          "2"
        ]
      },
      "configuration": {
        "properties": {
          "profile": "system:default"
        }
      },
      "itemName": "Sonoff4CHLuciCucinaIngresso_FarettiCorridoioBagno"
    }
  },
  "TVLivingRoom_ProgramTitle -\u003e samsungtv:tv:0a21fe80_00aa_1000_a87f_0c8910bebd97:programTitle": {
    "class": "org.eclipse.smarthome.core.thing.link.ItemChannelLink",
    "value": {
      "channelUID": {
        "segments": [
          "samsungtv",
          "tv",
          "0a21fe80_00aa_1000_a87f_0c8910bebd97",
          "programTitle"
        ]
      },
      "configuration": {
        "properties": {
          "profile": "system:default"
        }
      },
      "itemName": "TVLivingRoom_ProgramTitle"
    }
  },
  "Sonoff4CHLuciCucinaCorridoio_CucinaColonnina -\u003e mqtt:topic:c22fb6a9:4": {
    "class": "org.eclipse.smarthome.core.thing.link.ItemChannelLink",
    "value": {
      "channelUID": {
        "segments": [
          "mqtt",
          "topic",
          "c22fb6a9",
          "4"
        ]
      },
      "configuration": {
        "properties": {
          "profile": "system:default"
        }
      },
      "itemName": "Sonoff4CHLuciCucinaCorridoio_CucinaColonnina"
    }
  },
  "PortonePrincipale_OpenStatus -\u003e mihome:sensor_magnet_aq2:158d00027356ff:isOpen": {
    "class": "org.eclipse.smarthome.core.thing.link.ItemChannelLink",
    "value": {
      "channelUID": {
        "segments": [
          "mihome",
          "sensor_magnet_aq2",
          "158d00027356ff",
          "isOpen"
        ]
      },
      "configuration": {
        "properties": {
          "profile": "system:default"
        }
      },
      "itemName": "PortonePrincipale_OpenStatus"
    }
  },
  "SirenaAntifurto_Sirena -\u003e mqtt:topic:3a624250:1": {
    "class": "org.eclipse.smarthome.core.thing.link.ItemChannelLink",
    "value": {
      "channelUID": {
        "segments": [
          "mqtt",
          "topic",
          "3a624250",
          "1"
        ]
      },
      "configuration": {
        "properties": {
          "profile": "system:default"
        }
      },
      "itemName": "SirenaAntifurto_Sirena"
    }
  },
  "Shelly193B889Segnapassi_Segnapassi -\u003e mqtt:topic:e881d406:0": {
    "class": "org.eclipse.smarthome.core.thing.link.ItemChannelLink",
    "value": {
      "channelUID": {
        "segments": [
          "mqtt",
          "topic",
          "e881d406",
          "0"
        ]
      },
      "configuration": {
        "properties": {
          "profile": "system:default"
        }
      },
      "itemName": "Shelly193B889Segnapassi_Segnapassi"
    }
  },
  "WD1Sala_SwA -\u003e mqtt:topic:7955dfa9:0": {
    "class": "org.eclipse.smarthome.core.thing.link.ItemChannelLink",
    "value": {
      "channelUID": {
        "segments": [
          "mqtt",
          "topic",
          "7955dfa9",
          "0"
        ]
      },
      "configuration": {
        "properties": {
          "profile": "system:default"
        }
      },
      "itemName": "WD1Sala_SwA"
    }
  },
  "LoginStatus_LoginStatus -\u003e mqtt:topic:ba129e07:1": {
    "class": "org.eclipse.smarthome.core.thing.link.ItemChannelLink",
    "value": {
      "channelUID": {
        "segments": [
          "mqtt",
          "topic",
          "ba129e07",
          "1"
        ]
      },
      "configuration": {
        "properties": {
          "profile": "system:default"
        }
      },
      "itemName": "LoginStatus_LoginStatus"
    }
  },
  "Shellyswitch2574066BFarettiLateraliMansarda_FarettiLateraliScale -\u003e mqtt:topic:fe13a522:0": {
    "class": "org.eclipse.smarthome.core.thing.link.ItemChannelLink",
    "value": {
      "channelUID": {
        "segments": [
          "mqtt",
          "topic",
          "fe13a522",
          "0"
        ]
      },
      "configuration": {
        "properties": {
          "profile": "system:default"
        }
      },
      "itemName": "Shellyswitch2574066BFarettiLateraliMansarda_FarettiLateraliScale"
    }
  },
  "SensorePortoneIngressino_LowBattery -\u003e mihome:sensor_magnet_aq2:158d000272c5e8:lowBattery": {
    "class": "org.eclipse.smarthome.core.thing.link.ItemChannelLink",
    "value": {
      "channelUID": {
        "segments": [
          "mihome",
          "sensor_magnet_aq2",
          "158d000272c5e8",
          "lowBattery"
        ]
      },
      "configuration": {
        "properties": {
          "profile": "system:default"
        }
      },
      "itemName": "SensorePortoneIngressino_LowBattery"
    }
  },
  "SensoreTemperaturaSala_LowBattery -\u003e hue:0302:001788acdb70:13:battery_low": {
    "class": "org.eclipse.smarthome.core.thing.link.ItemChannelLink",
    "value": {
      "channelUID": {
        "segments": [
          "hue",
          "0302",
          "001788acdb70",
          "13",
          "battery_low"
        ]
      },
      "configuration": {
        "properties": {
          "profile": "system:default"
        }
      },
      "itemName": "SensoreTemperaturaSala_LowBattery"
    }
  },
  "I2Cucina_Button2 -\u003e mqtt:topic:24d8fe46:2": {
    "class": "org.eclipse.smarthome.core.thing.link.ItemChannelLink",
    "value": {
      "channelUID": {
        "segments": [
          "mqtt",
          "topic",
          "24d8fe46",
          "2"
        ]
      },
      "configuration": {
        "properties": {
          "profile": "system:default"
        }
      },
      "itemName": "I2Cucina_Button2"
    }
  },
  "SensoreTemperaturaZonaNotte_LowBattery -\u003e mihome:sensor_weather_v1:158d000272c82e:lowBattery": {
    "class": "org.eclipse.smarthome.core.thing.link.ItemChannelLink",
    "value": {
      "channelUID": {
        "segments": [
          "mihome",
          "sensor_weather_v1",
          "158d000272c82e",
          "lowBattery"
        ]
      },
      "configuration": {
        "properties": {
          "profile": "system:default"
        }
      },
      "itemName": "SensoreTemperaturaZonaNotte_LowBattery"
    }
  },
  "Shelly1Cameretta553C8C_LampadarioCameretta -\u003e mqtt:topic:e02f9df9:1": {
    "class": "org.eclipse.smarthome.core.thing.link.ItemChannelLink",
    "value": {
      "channelUID": {
        "segments": [
          "mqtt",
          "topic",
          "e02f9df9",
          "1"
        ]
      },
      "configuration": {
        "properties": {
          "profile": "system:default"
        }
      },
      "itemName": "Shelly1Cameretta553C8C_LampadarioCameretta"
    }
  }
}