{
  "GestioneClima_LetturaTemperaturaMansarda": {
    "class": "org.eclipse.smarthome.core.items.ManagedItemProvider$PersistedItem",
    "value": {
      "groupNames": [],
      "itemType": "Number",
      "tags": [],
      "label": "Lettura Temperatura Mansarda",
      "category": "Clima"
    }
  },
  "WD1Sala_SwA": {
    "class": "org.eclipse.smarthome.core.items.ManagedItemProvider$PersistedItem",
    "value": {
      "groupNames": [],
      "itemType": "Switch",
      "tags": [],
      "label": "SwA"
    }
  },
  "TVLivingRoom_ChannelName": {
    "class": "org.eclipse.smarthome.core.items.ManagedItemProvider$PersistedItem",
    "value": {
      "groupNames": [],
      "itemType": "String",
      "tags": [],
      "label": "Channel Name"
    }
  },
  "SensoreTemperaturaZonaIngresso_Humidity": {
    "class": "org.eclipse.smarthome.core.items.ManagedItemProvider$PersistedItem",
    "value": {
      "groupNames": [],
      "itemType": "Number:Dimensionless",
      "tags": [],
      "label": "Humidity",
      "category": "Humidity"
    }
  },
  "GestioneClima_LetturaUmiditCucina": {
    "class": "org.eclipse.smarthome.core.items.ManagedItemProvider$PersistedItem",
    "value": {
      "groupNames": [],
      "itemType": "Number",
      "tags": [],
      "label": "Lettura Umidità Cucina",
      "category": "Clima"
    }
  },
  "LuciCucinaSoggiorno": {
    "class": "org.eclipse.smarthome.core.items.ManagedItemProvider$PersistedItem",
    "value": {
      "baseItemType": "Switch",
      "groupNames": [
        "LuciPrimoPiano"
      ],
      "itemType": "Group",
      "tags": [
        "Lighting"
      ],
      "label": "Cucina+Soggiorno",
      "functionName": "OR",
      "functionParams": [
        "ON",
        "OFF"
      ]
    }
  },
  "LedCucinaCorridoio_Color": {
    "class": "org.eclipse.smarthome.core.items.ManagedItemProvider$PersistedItem",
    "value": {
      "groupNames": [
        "LEDZonaGiorno",
        "GrInCasa"
      ],
      "itemType": "Color",
      "tags": [],
      "label": "LED Cucina (Corridoio) - Colore",
      "category": "ColorLight"
    }
  },
  "SensoreTemperaturaZonaNotte_Humidity": {
    "class": "org.eclipse.smarthome.core.items.ManagedItemProvider$PersistedItem",
    "value": {
      "groupNames": [],
      "itemType": "Number:Dimensionless",
      "tags": [],
      "label": "Humidity",
      "category": "Clima"
    }
  },
  "SonoffLuceBalcone2_LuceBalcone2": {
    "class": "org.eclipse.smarthome.core.items.ManagedItemProvider$PersistedItem",
    "value": {
      "groupNames": [
        "LuciBalcone"
      ],
      "itemType": "Switch",
      "tags": [],
      "label": "Applique Balcone (2)",
      "category": "Esterno"
    }
  },
  "Shellyswitch2574083DIngressino_LuceIngresso": {
    "class": "org.eclipse.smarthome.core.items.ManagedItemProvider$PersistedItem",
    "value": {
      "groupNames": [
        "LuciIngresso",
        "LuciEsterne"
      ],
      "itemType": "Switch",
      "tags": [
        "Lighting"
      ],
      "label": "Luce scala"
    }
  },
  "SonoffBasicLuceCancello_LuceCancello": {
    "class": "org.eclipse.smarthome.core.items.ManagedItemProvider$PersistedItem",
    "value": {
      "groupNames": [
        "LuciEsterne"
      ],
      "itemType": "Switch",
      "tags": [],
      "label": "Luce Cancello"
    }
  },
  "GestioneClima_LetturaTemperaturaSalaCucina": {
    "class": "org.eclipse.smarthome.core.items.ManagedItemProvider$PersistedItem",
    "value": {
      "groupNames": [],
      "itemType": "Number",
      "tags": [],
      "label": "Lettura Temperatura Sala Cucina",
      "category": "Clima"
    }
  },
  "WeatherAndForecast_Current_OutdoorTemperature": {
    "class": "org.eclipse.smarthome.core.items.ManagedItemProvider$PersistedItem",
    "value": {
      "groupNames": [],
      "itemType": "Number:Temperature",
      "tags": [],
      "label": "Temperatura Esterna",
      "category": "Meteo"
    }
  },
  "Sonoff4CHLuciCucinaIngresso_FarettiCucina": {
    "class": "org.eclipse.smarthome.core.items.ManagedItemProvider$PersistedItem",
    "value": {
      "groupNames": [
        "Cucina"
      ],
      "itemType": "Switch",
      "tags": [],
      "label": "Faretti Cucina"
    }
  },
  "SensorePortoneIngressino_LowBattery": {
    "class": "org.eclipse.smarthome.core.items.ManagedItemProvider$PersistedItem",
    "value": {
      "groupNames": [
        "LowBattery"
      ],
      "itemType": "Switch",
      "tags": [],
      "label": "Low Battery",
      "category": "Battery"
    }
  },
  "Shelly1Stireria_Stireria": {
    "class": "org.eclipse.smarthome.core.items.ManagedItemProvider$PersistedItem",
    "value": {
      "groupNames": [
        "Stireria"
      ],
      "itemType": "Switch",
      "tags": [],
      "label": "Stireria"
    }
  },
  "AstroSunData_Night_StartTime": {
    "class": "org.eclipse.smarthome.core.items.ManagedItemProvider$PersistedItem",
    "value": {
      "groupNames": [],
      "itemType": "DateTime",
      "tags": [],
      "label": "Notte"
    }
  },
  "ZonaNotte": {
    "class": "org.eclipse.smarthome.core.items.ManagedItemProvider$PersistedItem",
    "value": {
      "baseItemType": "Switch",
      "groupNames": [
        "LuciPrimoPiano"
      ],
      "itemType": "Group",
      "tags": [],
      "label": "Zona Notte",
      "category": "Gruppi",
      "functionName": "OR",
      "functionParams": [
        "ON",
        "OFF"
      ]
    }
  },
  "Sonoff4CHLuciCucinaIngresso_LampadarioSala": {
    "class": "org.eclipse.smarthome.core.items.ManagedItemProvider$PersistedItem",
    "value": {
      "groupNames": [
        "Sala"
      ],
      "itemType": "Switch",
      "tags": [],
      "label": "Lampadario Sala"
    }
  },
  "LoginStatus_LoginStatus": {
    "class": "org.eclipse.smarthome.core.items.ManagedItemProvider$PersistedItem",
    "value": {
      "groupNames": [],
      "itemType": "Switch",
      "tags": [],
      "label": "Login Status"
    }
  },
  "Sala": {
    "class": "org.eclipse.smarthome.core.items.ManagedItemProvider$PersistedItem",
    "value": {
      "baseItemType": "Switch",
      "groupNames": [
        "LuciCucinaSoggiorno"
      ],
      "itemType": "Group",
      "tags": [],
      "label": "Sala",
      "category": "Groups",
      "functionName": "OR",
      "functionParams": [
        "ON",
        "OFF"
      ]
    }
  },
  "AstroSunData_Rise_StartTime": {
    "class": "org.eclipse.smarthome.core.items.ManagedItemProvider$PersistedItem",
    "value": {
      "groupNames": [],
      "itemType": "DateTime",
      "tags": [],
      "label": "Alba",
      "category": "Meteo"
    }
  },
  "XiaomiMiSmartHomeGateway_Color": {
    "class": "org.eclipse.smarthome.core.items.ManagedItemProvider$PersistedItem",
    "value": {
      "groupNames": [],
      "itemType": "Color",
      "tags": [],
      "label": "Xi GW Color",
      "category": "ColorLight"
    }
  },
  "GestioneClima_Caldaia": {
    "class": "org.eclipse.smarthome.core.items.ManagedItemProvider$PersistedItem",
    "value": {
      "groupNames": [],
      "itemType": "Switch",
      "tags": [],
      "label": "Caldaia",
      "category": "Clima"
    }
  },
  "Shellyht58F405TemperaturaZonaGiorno_TemperaturaZonaGiorno": {
    "class": "org.eclipse.smarthome.core.items.ManagedItemProvider$PersistedItem",
    "value": {
      "groupNames": [],
      "itemType": "Number:Temperature",
      "tags": [
        "Thermostat",
        "CurrentTemperature"
      ],
      "label": "Temperatura Mansarda",
      "category": "Clima"
    }
  },
  "Sonoff4CHLuciCucinaIngresso_LampadarioCucina": {
    "class": "org.eclipse.smarthome.core.items.ManagedItemProvider$PersistedItem",
    "value": {
      "groupNames": [
        "Cucina"
      ],
      "itemType": "Switch",
      "tags": [],
      "label": "Lampadario Cucina"
    }
  },
  "Allarmi_AllarmeAttivato": {
    "class": "org.eclipse.smarthome.core.items.ManagedItemProvider$PersistedItem",
    "value": {
      "groupNames": [],
      "itemType": "Switch",
      "tags": [],
      "label": "Inserisci Allarme"
    }
  },
  "I2ingresso_Button1": {
    "class": "org.eclipse.smarthome.core.items.ManagedItemProvider$PersistedItem",
    "value": {
      "groupNames": [],
      "itemType": "String",
      "tags": [],
      "label": "Button1",
      "category": "Sala"
    }
  },
  "SonoffBridge_PIRScale": {
    "class": "org.eclipse.smarthome.core.items.ManagedItemProvider$PersistedItem",
    "value": {
      "groupNames": [
        "PIR"
      ],
      "itemType": "Switch",
      "tags": [],
      "label": "PIR Scale"
    }
  },
  "Bagno": {
    "class": "org.eclipse.smarthome.core.items.ManagedItemProvider$PersistedItem",
    "value": {
      "baseItemType": "Switch",
      "groupNames": [],
      "itemType": "Group",
      "tags": [],
      "label": "Bagno",
      "functionName": "AND",
      "functionParams": [
        "ON",
        "OFF"
      ]
    }
  },
  "SensorePortoneIngressino_OpenStatus": {
    "class": "org.eclipse.smarthome.core.items.ManagedItemProvider$PersistedItem",
    "value": {
      "groupNames": [
        "Sicurezza"
      ],
      "itemType": "Contact",
      "tags": [],
      "label": "Sensore Portone Ingressino",
      "category": "Contact"
    }
  },
  "SensorePortone_LowBattery": {
    "class": "org.eclipse.smarthome.core.items.ManagedItemProvider$PersistedItem",
    "value": {
      "groupNames": [
        "LowBattery"
      ],
      "itemType": "Switch",
      "tags": [],
      "label": "Low Battery",
      "category": "Battery"
    }
  },
  "Sonoff4chCentralino_AppliquesTerrazzino": {
    "class": "org.eclipse.smarthome.core.items.ManagedItemProvider$PersistedItem",
    "value": {
      "groupNames": [],
      "itemType": "Switch",
      "tags": [
        "Lighting"
      ],
      "label": "Appliques Terrazzino",
      "category": "Esterno"
    }
  },
  "GestioneClima_PrimoPiano": {
    "class": "org.eclipse.smarthome.core.items.ManagedItemProvider$PersistedItem",
    "value": {
      "groupNames": [],
      "itemType": "Switch",
      "tags": [],
      "label": "Pompa Primo Piano",
      "category": "Clima"
    }
  },
  "AllarmeScattato": {
    "class": "org.eclipse.smarthome.core.items.ManagedItemProvider$PersistedItem",
    "value": {
      "groupNames": [],
      "itemType": "Switch",
      "tags": [],
      "label": "Allarme Scattato",
      "category": "Sicurezza"
    }
  },
  "LEDScrivania_ColorTemperature": {
    "class": "org.eclipse.smarthome.core.items.ManagedItemProvider$PersistedItem",
    "value": {
      "groupNames": [
        "LuciMansarda"
      ],
      "itemType": "Dimmer",
      "tags": [],
      "label": "LED Scrivania -  Temperature",
      "category": "ColorLight"
    }
  },
  "Shelly193B889Segnapassi_Segnapassi": {
    "class": "org.eclipse.smarthome.core.items.ManagedItemProvider$PersistedItem",
    "value": {
      "groupNames": [
        "Sala"
      ],
      "itemType": "Switch",
      "tags": [
        "Lighting"
      ],
      "label": "Segnapassi"
    }
  },
  "Shelly25ZonaNotte_Antibagno": {
    "class": "org.eclipse.smarthome.core.items.ManagedItemProvider$PersistedItem",
    "value": {
      "groupNames": [
        "ZonaNotte"
      ],
      "itemType": "Switch",
      "tags": [
        "Lighting"
      ],
      "label": "Antibagno"
    }
  },
  "Shelly193E98DEXTPortone_LucePortoneLongPush": {
    "class": "org.eclipse.smarthome.core.items.ManagedItemProvider$PersistedItem",
    "value": {
      "groupNames": [],
      "itemType": "Number",
      "tags": [],
      "label": "Luce Portone LongPush"
    }
  },
  "PlafoniereTerrazzo": {
    "class": "org.eclipse.smarthome.core.items.ManagedItemProvider$PersistedItem",
    "value": {
      "baseItemType": "Switch",
      "groupNames": [],
      "itemType": "Group",
      "tags": [
        "Lighting"
      ],
      "label": "Plafoniere Terrazzo",
      "functionName": "AND",
      "functionParams": [
        "ON",
        "OFF"
      ]
    }
  },
  "Shelly942378Binario_BinarioMansarda": {
    "class": "org.eclipse.smarthome.core.items.ManagedItemProvider$PersistedItem",
    "value": {
      "groupNames": [
        "Luci"
      ],
      "itemType": "Switch",
      "tags": [
        "Lighting"
      ],
      "label": "Binario Mansarda",
      "category": "Luci"
    }
  },
  "Cube_Side": {
    "class": "org.eclipse.smarthome.core.items.ManagedItemProvider$PersistedItem",
    "value": {
      "groupNames": [],
      "itemType": "Number",
      "tags": [],
      "label": "Cube / Side"
    }
  },
  "WD1EXTCucina_LuciEsterneCucina": {
    "class": "org.eclipse.smarthome.core.items.ManagedItemProvider$PersistedItem",
    "value": {
      "groupNames": [],
      "itemType": "String",
      "tags": [],
      "label": "Luci Esterne - Cucina"
    }
  },
  "SensoreTemperaturaCameretta_LowBattery": {
    "class": "org.eclipse.smarthome.core.items.ManagedItemProvider$PersistedItem",
    "value": {
      "groupNames": [
        "LowBattery"
      ],
      "itemType": "Switch",
      "tags": [],
      "label": "Low Battery",
      "category": "Battery"
    }
  },
  "CameraDaLetto": {
    "class": "org.eclipse.smarthome.core.items.ManagedItemProvider$PersistedItem",
    "value": {
      "baseItemType": "Switch",
      "groupNames": [
        "ZonaNotte"
      ],
      "itemType": "Group",
      "tags": [
        "Lighting"
      ],
      "label": "Camera Da Letto",
      "category": "Gruppi",
      "functionName": "OR",
      "functionParams": [
        "ON",
        "OFF"
      ]
    }
  },
  "TVLivingRoom_Channel": {
    "class": "org.eclipse.smarthome.core.items.ManagedItemProvider$PersistedItem",
    "value": {
      "groupNames": [],
      "itemType": "Number",
      "tags": [],
      "label": "Channel"
    }
  },
  "WD1ScaleInterne_PulsanteScaleInterne": {
    "class": "org.eclipse.smarthome.core.items.ManagedItemProvider$PersistedItem",
    "value": {
      "groupNames": [],
      "itemType": "String",
      "tags": [],
      "label": "Pulsante Scale Interne",
      "category": "Wemos"
    }
  },
  "Scene_CucinaSalaCNT": {
    "class": "org.eclipse.smarthome.core.items.ManagedItemProvider$PersistedItem",
    "value": {
      "groupNames": [],
      "itemType": "Number",
      "tags": [],
      "label": "Cucina/Sala CNT"
    }
  },
  "Scene_LuciTutteOFF": {
    "class": "org.eclipse.smarthome.core.items.ManagedItemProvider$PersistedItem",
    "value": {
      "groupNames": [],
      "itemType": "Switch",
      "tags": [],
      "label": "Luci - Tutte OFF"
    }
  },
  "GestioneClima_Termoarredi": {
    "class": "org.eclipse.smarthome.core.items.ManagedItemProvider$PersistedItem",
    "value": {
      "groupNames": [],
      "itemType": "Switch",
      "tags": [],
      "label": "Pompa Termoarredi",
      "category": "Clima"
    }
  },
  "Sonoff4chCentralino_AppliqueBalcone3": {
    "class": "org.eclipse.smarthome.core.items.ManagedItemProvider$PersistedItem",
    "value": {
      "groupNames": [
        "LuciBalcone"
      ],
      "itemType": "Switch",
      "tags": [],
      "label": "Applique Balcone (3)",
      "category": "Esterno"
    }
  },
  "LowBattery": {
    "class": "org.eclipse.smarthome.core.items.ManagedItemProvider$PersistedItem",
    "value": {
      "baseItemType": "Switch",
      "groupNames": [],
      "itemType": "Group",
      "tags": [],
      "label": "Allarme Batterie Scariche",
      "category": "Monitor",
      "functionName": "OR",
      "functionParams": [
        "ON",
        "OFF"
      ]
    }
  },
  "AstroSunData_Position_Elevation": {
    "class": "org.eclipse.smarthome.core.items.ManagedItemProvider$PersistedItem",
    "value": {
      "groupNames": [],
      "itemType": "Number:Angle",
      "tags": [],
      "label": "Elevazione Sole",
      "category": "Meteo"
    }
  },
  "PrimoPiano": {
    "class": "org.eclipse.smarthome.core.items.ManagedItemProvider$PersistedItem",
    "value": {
      "baseItemType": "Switch",
      "groupNames": [],
      "itemType": "Group",
      "tags": [],
      "label": "Primo Piano",
      "category": "Gruppi",
      "functionName": "OR",
      "functionParams": [
        "ON",
        "OFF"
      ]
    }
  },
  "SensoreBalconeCucina_OpenStatus": {
    "class": "org.eclipse.smarthome.core.items.ManagedItemProvider$PersistedItem",
    "value": {
      "groupNames": [
        "Sicurezza"
      ],
      "itemType": "Contact",
      "tags": [],
      "label": "Contatto Balcone Cucina",
      "category": "Contact"
    }
  },
  "Bagnetto": {
    "class": "org.eclipse.smarthome.core.items.ManagedItemProvider$PersistedItem",
    "value": {
      "baseItemType": "Switch",
      "groupNames": [
        "ZonaNotte"
      ],
      "itemType": "Group",
      "tags": [],
      "label": "Bagnetto",
      "functionName": "AND",
      "functionParams": [
        "ON",
        "OFF"
      ]
    }
  },
  "GestioneClima_LetturaTemperaturaZonaIngresso": {
    "class": "org.eclipse.smarthome.core.items.ManagedItemProvider$PersistedItem",
    "value": {
      "groupNames": [],
      "itemType": "Number:Temperature",
      "tags": [],
      "label": "Lettura Temperatura Zona Ingresso",
      "category": "Clima"
    }
  },
  "TempCameretta_Temperature": {
    "class": "org.eclipse.smarthome.core.items.ManagedItemProvider$PersistedItem",
    "value": {
      "groupNames": [],
      "itemType": "Number:Temperature",
      "tags": [
        "CurrentTemperature"
      ],
      "label": "Temperatura Cameretta",
      "category": "Temperature"
    }
  },
  "Shellyswitch2574083DIngressino_LuceIngressino": {
    "class": "org.eclipse.smarthome.core.items.ManagedItemProvider$PersistedItem",
    "value": {
      "groupNames": [
        "IngressinoGR"
      ],
      "itemType": "Switch",
      "tags": [],
      "label": "Luce Ingressino"
    }
  },
  "LedCucina_Color": {
    "class": "org.eclipse.smarthome.core.items.ManagedItemProvider$PersistedItem",
    "value": {
      "groupNames": [
        "LEDZonaGiorno",
        "GrInCasa"
      ],
      "itemType": "Color",
      "tags": [],
      "label": "LED Cucina - Colore",
      "category": "ColorLight"
    }
  },
  "Shelly2CameraDaLetto_Potenza": {
    "class": "org.eclipse.smarthome.core.items.ManagedItemProvider$PersistedItem",
    "value": {
      "groupNames": [],
      "itemType": "Number",
      "tags": [],
      "label": "Potenza Camera Da Letto"
    }
  },
  "Cube_Azione": {
    "class": "org.eclipse.smarthome.core.items.ManagedItemProvider$PersistedItem",
    "value": {
      "groupNames": [],
      "itemType": "String",
      "tags": [],
      "label": "Azione"
    }
  },
  "Ws21812_WS21812": {
    "class": "org.eclipse.smarthome.core.items.ManagedItemProvider$PersistedItem",
    "value": {
      "groupNames": [
        "LuciMansarda"
      ],
      "itemType": "Color",
      "tags": [],
      "label": "WS21812"
    }
  },
  "ShellyCorridoio_LongPushCorridoio": {
    "class": "org.eclipse.smarthome.core.items.ManagedItemProvider$PersistedItem",
    "value": {
      "groupNames": [],
      "itemType": "Number",
      "tags": [],
      "label": "LongPushCorridoio"
    }
  },
  "Cucina": {
    "class": "org.eclipse.smarthome.core.items.ManagedItemProvider$PersistedItem",
    "value": {
      "baseItemType": "Switch",
      "groupNames": [
        "LuciCucinaSoggiorno"
      ],
      "itemType": "Group",
      "tags": [],
      "label": "Cucina",
      "category": "Gruppi",
      "functionName": "OR",
      "functionParams": [
        "ON",
        "OFF"
      ]
    }
  },
  "LuciMansarda": {
    "class": "org.eclipse.smarthome.core.items.ManagedItemProvider$PersistedItem",
    "value": {
      "baseItemType": "Switch",
      "groupNames": [
        "LuciInterne"
      ],
      "itemType": "Group",
      "tags": [
        "Lighting"
      ],
      "label": "Luci Mansarda",
      "category": "Gruppi",
      "functionName": "AND",
      "functionParams": [
        "ON",
        "OFF"
      ]
    }
  },
  "SensoreTempZonaNotte_Temperature": {
    "class": "org.eclipse.smarthome.core.items.ManagedItemProvider$PersistedItem",
    "value": {
      "groupNames": [],
      "itemType": "Number:Temperature",
      "tags": [
        "CurrentTemperature"
      ],
      "label": "Temperatura Zona Notte",
      "category": "Temperature"
    }
  },
  "WD1Sala_SWA": {
    "class": "org.eclipse.smarthome.core.items.ManagedItemProvider$PersistedItem",
    "value": {
      "groupNames": [],
      "itemType": "String",
      "tags": [],
      "label": "SWA"
    }
  },
  "LedSalotto_Color": {
    "class": "org.eclipse.smarthome.core.items.ManagedItemProvider$PersistedItem",
    "value": {
      "groupNames": [
        "GrInCasa",
        "LEDZonaGiorno"
      ],
      "itemType": "Color",
      "tags": [],
      "label": "LED Salotto (Colore)",
      "category": "ColorLight"
    }
  },
  "Cameretta": {
    "class": "org.eclipse.smarthome.core.items.ManagedItemProvider$PersistedItem",
    "value": {
      "baseItemType": "Switch",
      "groupNames": [
        "ZonaNotte"
      ],
      "itemType": "Group",
      "tags": [],
      "label": "Cameretta",
      "category": "Groups",
      "functionName": "AND",
      "functionParams": [
        "ON",
        "OFF"
      ]
    }
  },
  "SensoriEsterni": {
    "class": "org.eclipse.smarthome.core.items.ManagedItemProvider$PersistedItem",
    "value": {
      "groupNames": [
        "Sicurezza"
      ],
      "itemType": "Contact",
      "tags": [],
      "label": "SensoriEsterni",
      "category": "Sicurezza"
    }
  },
  "I2sala_Button2": {
    "class": "org.eclipse.smarthome.core.items.ManagedItemProvider$PersistedItem",
    "value": {
      "groupNames": [],
      "itemType": "String",
      "tags": [],
      "label": "Button 2"
    }
  },
  "I2sala_Button1": {
    "class": "org.eclipse.smarthome.core.items.ManagedItemProvider$PersistedItem",
    "value": {
      "groupNames": [],
      "itemType": "String",
      "tags": [],
      "label": "Button 1"
    }
  },
  "Shelly13284ecCabinaArmadio_CabinaArmadio": {
    "class": "org.eclipse.smarthome.core.items.ManagedItemProvider$PersistedItem",
    "value": {
      "groupNames": [
        "CabinaArmadio"
      ],
      "itemType": "Switch",
      "tags": [
        "Lighting"
      ],
      "label": "Cabina Armadio",
      "category": "Luci"
    }
  },
  "Shelly2CameraDaLetto_LampadarioCameraDaLetto": {
    "class": "org.eclipse.smarthome.core.items.ManagedItemProvider$PersistedItem",
    "value": {
      "groupNames": [
        "CameraDaLetto"
      ],
      "itemType": "Switch",
      "tags": [],
      "label": "Lampadario Camera Da Letto"
    }
  },
  "LuciEsterne": {
    "class": "org.eclipse.smarthome.core.items.ManagedItemProvider$PersistedItem",
    "value": {
      "baseItemType": "Switch",
      "groupNames": [],
      "itemType": "Group",
      "tags": [
        "Lighting"
      ],
      "label": "Luci Esterne",
      "category": "Gruppi",
      "functionName": "AND",
      "functionParams": [
        "ON",
        "OFF"
      ]
    }
  },
  "TVLivingRoom_ProgramTitle": {
    "class": "org.eclipse.smarthome.core.items.ManagedItemProvider$PersistedItem",
    "value": {
      "groupNames": [],
      "itemType": "String",
      "tags": [],
      "label": "Program Title"
    }
  },
  "I2ingresso_LED1": {
    "class": "org.eclipse.smarthome.core.items.ManagedItemProvider$PersistedItem",
    "value": {
      "groupNames": [],
      "itemType": "Switch",
      "tags": [],
      "label": "LED1",
      "category": "Sala"
    }
  },
  "Sicurezza": {
    "class": "org.eclipse.smarthome.core.items.ManagedItemProvider$PersistedItem",
    "value": {
      "baseItemType": "Contact",
      "groupNames": [],
      "itemType": "Group",
      "tags": [],
      "label": "Sicurezza",
      "functionName": "OR",
      "functionParams": [
        "OPEN",
        "CLOSED"
      ]
    }
  },
  "Stireria": {
    "class": "org.eclipse.smarthome.core.items.ManagedItemProvider$PersistedItem",
    "value": {
      "baseItemType": "Switch",
      "groupNames": [
        "ZonaIngresso"
      ],
      "itemType": "Group",
      "tags": [],
      "label": "Stireria",
      "functionName": "AND",
      "functionParams": [
        "ON",
        "OFF"
      ]
    }
  },
  "SensorePresenzaSala_LowBattery": {
    "class": "org.eclipse.smarthome.core.items.ManagedItemProvider$PersistedItem",
    "value": {
      "groupNames": [
        "LowBattery"
      ],
      "itemType": "Switch",
      "tags": [],
      "label": "Low Battery",
      "category": "Battery"
    }
  },
  "SirenaAntifurto_AUX": {
    "class": "org.eclipse.smarthome.core.items.ManagedItemProvider$PersistedItem",
    "value": {
      "groupNames": [],
      "itemType": "Switch",
      "tags": [],
      "label": "AUX",
      "category": "Alarm"
    }
  },
  "LEDScrivania_Color": {
    "class": "org.eclipse.smarthome.core.items.ManagedItemProvider$PersistedItem",
    "value": {
      "groupNames": [
        "LuciMansarda"
      ],
      "itemType": "Color",
      "tags": [],
      "label": "LED Scrivania - Colore",
      "category": "ColorLight"
    }
  },
  "Corridoio": {
    "class": "org.eclipse.smarthome.core.items.ManagedItemProvider$PersistedItem",
    "value": {
      "baseItemType": "Switch",
      "groupNames": [
        "ZonaIngresso"
      ],
      "itemType": "Group",
      "tags": [],
      "label": "Corridoio",
      "functionName": "AND",
      "functionParams": [
        "ON",
        "OFF"
      ]
    }
  },
  "SensoreBalconeCameraDaLetto_LowBattery": {
    "class": "org.eclipse.smarthome.core.items.ManagedItemProvider$PersistedItem",
    "value": {
      "groupNames": [
        "LowBattery"
      ],
      "itemType": "Switch",
      "tags": [],
      "label": "Low Battery",
      "category": "Battery"
    }
  },
  "Shelly1Cameretta553C8C_LampadarioCameretta": {
    "class": "org.eclipse.smarthome.core.items.ManagedItemProvider$PersistedItem",
    "value": {
      "groupNames": [
        "Cameretta"
      ],
      "itemType": "Switch",
      "tags": [
        "Lighting"
      ],
      "label": "Lampadario Cameretta"
    }
  },
  "Shelly25ZonaNotte_Bagno": {
    "class": "org.eclipse.smarthome.core.items.ManagedItemProvider$PersistedItem",
    "value": {
      "groupNames": [
        "Bagnetto"
      ],
      "itemType": "Switch",
      "tags": [
        "Lighting"
      ],
      "label": "Bagno (Piccolo)",
      "category": "Luci"
    }
  },
  "Shelly193E98DEXTPortone_LuceEsternaPortone": {
    "class": "org.eclipse.smarthome.core.items.ManagedItemProvider$PersistedItem",
    "value": {
      "groupNames": [
        "LuciIngresso"
      ],
      "itemType": "Switch",
      "tags": [],
      "label": "Luce Esterna Portone"
    }
  },
  "SonoffLuciRinghiera_LuciRinghiera": {
    "class": "org.eclipse.smarthome.core.items.ManagedItemProvider$PersistedItem",
    "value": {
      "groupNames": [],
      "itemType": "Switch",
      "tags": [
        "Lighting"
      ],
      "label": "LuciRinghiera",
      "category": "Esterno"
    }
  },
  "CabinaArmadio": {
    "class": "org.eclipse.smarthome.core.items.ManagedItemProvider$PersistedItem",
    "value": {
      "baseItemType": "Switch",
      "groupNames": [
        "ZonaIngresso"
      ],
      "itemType": "Group",
      "tags": [],
      "label": "Cabina Armadio",
      "functionName": "AND",
      "functionParams": [
        "ON",
        "OFF"
      ]
    }
  },
  "S_Cucina_DiPassaggio": {
    "class": "org.eclipse.smarthome.core.items.ManagedItemProvider$PersistedItem",
    "value": {
      "groupNames": [],
      "itemType": "Switch",
      "tags": [],
      "label": "Cucina - Di passaggio",
      "category": "Scene"
    }
  },
  "AstroSunData_Set_StartTime": {
    "class": "org.eclipse.smarthome.core.items.ManagedItemProvider$PersistedItem",
    "value": {
      "groupNames": [],
      "itemType": "DateTime",
      "tags": [],
      "label": "Tramonto (inizio)"
    }
  },
  "GruppoCorridoioCucina": {
    "class": "org.eclipse.smarthome.core.items.ManagedItemProvider$PersistedItem",
    "value": {
      "baseItemType": "Switch",
      "groupNames": [
        "Corridoio"
      ],
      "itemType": "Group",
      "tags": [
        "Lighting"
      ],
      "label": "Faretti Corridoio Cucina",
      "category": "Gruppi",
      "functionName": "AND",
      "functionParams": [
        "ON",
        "OFF"
      ]
    }
  },
  "ShellyCorridoio_FarettiIngresso1": {
    "class": "org.eclipse.smarthome.core.items.ManagedItemProvider$PersistedItem",
    "value": {
      "groupNames": [
        "LuciCorridoioIngresso"
      ],
      "itemType": "Switch",
      "tags": [
        "Lighting"
      ],
      "label": "Faretti Ingresso (1)",
      "category": "Attuatori"
    }
  },
  "ZonaIngresso": {
    "class": "org.eclipse.smarthome.core.items.ManagedItemProvider$PersistedItem",
    "value": {
      "baseItemType": "Switch",
      "groupNames": [
        "LuciPrimoPiano"
      ],
      "itemType": "Group",
      "tags": [],
      "label": "Zona Ingresso",
      "functionName": "OR",
      "functionParams": [
        "ON",
        "OFF"
      ]
    }
  },
  "LedCucinaCorridoio_ColorTemperature": {
    "class": "org.eclipse.smarthome.core.items.ManagedItemProvider$PersistedItem",
    "value": {
      "groupNames": [],
      "itemType": "Dimmer",
      "tags": [],
      "label": "LED Cucina (Corridoio) - Temperatura Colore",
      "category": "ColorLight"
    }
  },
  "Sonoff4CHLuciTerrazzo_LuciColonne": {
    "class": "org.eclipse.smarthome.core.items.ManagedItemProvider$PersistedItem",
    "value": {
      "groupNames": [],
      "itemType": "Switch",
      "tags": [],
      "label": "Luci Colonne"
    }
  },
  "LampadaScrivania_Switch": {
    "class": "org.eclipse.smarthome.core.items.ManagedItemProvider$PersistedItem",
    "value": {
      "groupNames": [
        "LuciMansarda"
      ],
      "itemType": "Switch",
      "tags": [],
      "label": "Lampada Scrivania",
      "category": "Light"
    }
  },
  "SensoreBalconeCameraDaLetto_OpenStatus": {
    "class": "org.eclipse.smarthome.core.items.ManagedItemProvider$PersistedItem",
    "value": {
      "groupNames": [
        "Sicurezza"
      ],
      "itemType": "Contact",
      "tags": [],
      "label": "Sensore Balcone Camera Da Letto",
      "category": "Contact"
    }
  },
  "WeatherAndForecast_Current_Icon": {
    "class": "org.eclipse.smarthome.core.items.ManagedItemProvider$PersistedItem",
    "value": {
      "groupNames": [],
      "itemType": "Image",
      "tags": [],
      "label": "Icon"
    }
  },
  "TVSalaPower": {
    "class": "org.eclipse.smarthome.core.items.ManagedItemProvider$PersistedItem",
    "value": {
      "groupNames": [],
      "itemType": "Switch",
      "tags": [
        "Switchable"
      ],
      "label": "TV Sala"
    }
  },
  "TemperaturaCameraDaLetto_Temperature": {
    "class": "org.eclipse.smarthome.core.items.ManagedItemProvider$PersistedItem",
    "value": {
      "groupNames": [],
      "itemType": "Number:Temperature",
      "tags": [],
      "label": "Temperatura Camera Da Letto",
      "category": "Sensori"
    }
  },
  "SensoreTemperaturaZonaIngresso_LowBattery": {
    "class": "org.eclipse.smarthome.core.items.ManagedItemProvider$PersistedItem",
    "value": {
      "groupNames": [
        "LowBattery"
      ],
      "itemType": "Switch",
      "tags": [],
      "label": "Low Battery",
      "category": "Battery"
    }
  },
  "LuciIngresso": {
    "class": "org.eclipse.smarthome.core.items.ManagedItemProvider$PersistedItem",
    "value": {
      "baseItemType": "Switch",
      "groupNames": [
        "LuciEsterne"
      ],
      "itemType": "Group",
      "tags": [],
      "label": "Luci Ingresso",
      "functionName": "AND",
      "functionParams": [
        "ON",
        "OFF"
      ]
    }
  },
  "Shellyswitch2574066BFarettiLateraliMansarda_LongPushCanale1": {
    "class": "org.eclipse.smarthome.core.items.ManagedItemProvider$PersistedItem",
    "value": {
      "groupNames": [],
      "itemType": "Number",
      "tags": [],
      "label": "Mansarda LongPush Canale1"
    }
  },
  "LuciPrimoPiano": {
    "class": "org.eclipse.smarthome.core.items.ManagedItemProvider$PersistedItem",
    "value": {
      "baseItemType": "Switch",
      "groupNames": [
        "LuciInterne"
      ],
      "itemType": "Group",
      "tags": [],
      "label": "Luci Primo Piano",
      "category": "Gruppi",
      "functionName": "OR",
      "functionParams": [
        "ON",
        "OFF"
      ]
    }
  },
  "WeatherAndForecast_Current_WeatherCondition": {
    "class": "org.eclipse.smarthome.core.items.ManagedItemProvider$PersistedItem",
    "value": {
      "groupNames": [],
      "itemType": "String",
      "tags": [],
      "label": "Weather Condition",
      "category": "Sun_Clouds"
    }
  },
  "WeatherAndForecast_Current_BarometricPressure": {
    "class": "org.eclipse.smarthome.core.items.ManagedItemProvider$PersistedItem",
    "value": {
      "groupNames": [],
      "itemType": "Number:Pressure",
      "tags": [],
      "label": "Pressione Barp",
      "category": "Meteo"
    }
  },
  "GestioneClima_Mansarda": {
    "class": "org.eclipse.smarthome.core.items.ManagedItemProvider$PersistedItem",
    "value": {
      "groupNames": [],
      "itemType": "Switch",
      "tags": [],
      "label": "Pompa Mansarda",
      "category": "Clima"
    }
  },
  "SensoreTemperaturaCameraDaLetto_LowBattery": {
    "class": "org.eclipse.smarthome.core.items.ManagedItemProvider$PersistedItem",
    "value": {
      "groupNames": [
        "LowBattery"
      ],
      "itemType": "Switch",
      "tags": [],
      "label": "Low Battery",
      "category": "Battery"
    }
  },
  "SirenaAntifurto_Sirena": {
    "class": "org.eclipse.smarthome.core.items.ManagedItemProvider$PersistedItem",
    "value": {
      "groupNames": [],
      "itemType": "Switch",
      "tags": [],
      "label": "Sirena",
      "category": "Alarm"
    }
  },
  "WeatherAndForecast_Current_AtmosphericHumidity": {
    "class": "org.eclipse.smarthome.core.items.ManagedItemProvider$PersistedItem",
    "value": {
      "groupNames": [],
      "itemType": "Number:Dimensionless",
      "tags": [],
      "label": "Umiditá",
      "category": "Meteo"
    }
  },
  "SensoreTemperaturaSala_LowBattery": {
    "class": "org.eclipse.smarthome.core.items.ManagedItemProvider$PersistedItem",
    "value": {
      "groupNames": [
        "LowBattery"
      ],
      "itemType": "Switch",
      "tags": [],
      "label": "Low Battery",
      "category": "Battery"
    }
  },
  "PIR": {
    "class": "org.eclipse.smarthome.core.items.ManagedItemProvider$PersistedItem",
    "value": {
      "baseItemType": "Switch",
      "groupNames": [],
      "itemType": "Group",
      "tags": [],
      "label": "PIR",
      "functionName": "OR",
      "functionParams": [
        "ON",
        "OFF"
      ]
    }
  },
  "SensoreBalconeCucina_LowBattery": {
    "class": "org.eclipse.smarthome.core.items.ManagedItemProvider$PersistedItem",
    "value": {
      "groupNames": [
        "LowBattery"
      ],
      "itemType": "Switch",
      "tags": [],
      "label": "Low Battery",
      "category": "Battery"
    }
  },
  "Sonoff4CHLuciCucinaIngresso_FarettiCorridoioBagno": {
    "class": "org.eclipse.smarthome.core.items.ManagedItemProvider$PersistedItem",
    "value": {
      "groupNames": [
        "LuciCorridoioIngresso"
      ],
      "itemType": "Switch",
      "tags": [],
      "label": "Faretti Corridoio Bagno"
    }
  },
  "Scene_LuciTutteON": {
    "class": "org.eclipse.smarthome.core.items.ManagedItemProvider$PersistedItem",
    "value": {
      "groupNames": [],
      "itemType": "Switch",
      "tags": [],
      "label": "Luci - Tutte ON"
    }
  },
  "I2Cucina_LED2": {
    "class": "org.eclipse.smarthome.core.items.ManagedItemProvider$PersistedItem",
    "value": {
      "groupNames": [],
      "itemType": "Switch",
      "tags": [],
      "label": "LED 2"
    }
  },
  "IngressinoGR": {
    "class": "org.eclipse.smarthome.core.items.ManagedItemProvider$PersistedItem",
    "value": {
      "baseItemType": "Switch",
      "groupNames": [
        "ZonaIngresso"
      ],
      "itemType": "Group",
      "tags": [],
      "label": "Ingressino",
      "functionName": "AND",
      "functionParams": [
        "ON",
        "OFF"
      ]
    }
  },
  "SensoriInterni": {
    "class": "org.eclipse.smarthome.core.items.ManagedItemProvider$PersistedItem",
    "value": {
      "groupNames": [
        "Sicurezza"
      ],
      "itemType": "Contact",
      "tags": [],
      "label": "Sensori Interni"
    }
  },
  "I2Cucina_LED1": {
    "class": "org.eclipse.smarthome.core.items.ManagedItemProvider$PersistedItem",
    "value": {
      "groupNames": [],
      "itemType": "Switch",
      "tags": [],
      "label": "LED 1"
    }
  },
  "SensoreLuminositaSala_LowBattery": {
    "class": "org.eclipse.smarthome.core.items.ManagedItemProvider$PersistedItem",
    "value": {
      "groupNames": [
        "LowBattery"
      ],
      "itemType": "Switch",
      "tags": [],
      "label": "Low Battery",
      "category": "Battery"
    }
  },
  "Shellyswitch2574066BFarettiLateraliMansarda_FarettiLateraliScale": {
    "class": "org.eclipse.smarthome.core.items.ManagedItemProvider$PersistedItem",
    "value": {
      "groupNames": [
        "LuciMansarda"
      ],
      "itemType": "Switch",
      "tags": [],
      "label": "Faretti Laterali Scale"
    }
  },
  "Sonoff4CHLuciCucinaCorridoio_CucinaColonnina": {
    "class": "org.eclipse.smarthome.core.items.ManagedItemProvider$PersistedItem",
    "value": {
      "groupNames": [
        "Cucina"
      ],
      "itemType": "Switch",
      "tags": [
        "Lighting"
      ],
      "label": "Cucina - Colonnina"
    }
  },
  "I2sala_LED1": {
    "class": "org.eclipse.smarthome.core.items.ManagedItemProvider$PersistedItem",
    "value": {
      "groupNames": [],
      "itemType": "Switch",
      "tags": [],
      "label": "LED 1"
    }
  },
  "XiaomiMiSmartHomeGateway_Brightness": {
    "class": "org.eclipse.smarthome.core.items.ManagedItemProvider$PersistedItem",
    "value": {
      "groupNames": [],
      "itemType": "Dimmer",
      "tags": [],
      "label": "Xi GW Brightness",
      "category": "DimmableLight"
    }
  },
  "I2sala_LED2": {
    "class": "org.eclipse.smarthome.core.items.ManagedItemProvider$PersistedItem",
    "value": {
      "groupNames": [
        "LuciEsterne"
      ],
      "itemType": "Switch",
      "tags": [],
      "label": "LED 2"
    }
  },
  "LuciCorridoioIngresso": {
    "class": "org.eclipse.smarthome.core.items.ManagedItemProvider$PersistedItem",
    "value": {
      "baseItemType": "Switch",
      "groupNames": [
        "Corridoio"
      ],
      "itemType": "Group",
      "tags": [],
      "label": "Luci Corridoio Ingresso",
      "category": "Gruppi",
      "functionName": "AND",
      "functionParams": [
        "ON",
        "OFF"
      ]
    }
  },
  "Sonoff4CHLuciTerrazzo_PlafonieraTerrazzoDX": {
    "class": "org.eclipse.smarthome.core.items.ManagedItemProvider$PersistedItem",
    "value": {
      "groupNames": [
        "PlafoniereTerrazzo"
      ],
      "itemType": "Switch",
      "tags": [],
      "label": "Plafoniera Terrazzo DX"
    }
  },
  "XiaomiMiSmartHomeGateway_Illumination": {
    "class": "org.eclipse.smarthome.core.items.ManagedItemProvider$PersistedItem",
    "value": {
      "groupNames": [],
      "itemType": "Number",
      "tags": [],
      "label": "Xi Gw Illumination"
    }
  },
  "LuciBalcone": {
    "class": "org.eclipse.smarthome.core.items.ManagedItemProvider$PersistedItem",
    "value": {
      "baseItemType": "Switch",
      "groupNames": [
        "LuciEsterne"
      ],
      "itemType": "Group",
      "tags": [
        "Lighting"
      ],
      "label": "Luci Balcone",
      "category": "Gruppi",
      "functionName": "OR",
      "functionParams": [
        "ON",
        "OFF"
      ]
    }
  },
  "Sonoff4CHLuciCucinaCorridoio_CorridoioFaretto3": {
    "class": "org.eclipse.smarthome.core.items.ManagedItemProvider$PersistedItem",
    "value": {
      "groupNames": [
        "GruppoCorridoioCucina"
      ],
      "itemType": "Switch",
      "tags": [],
      "label": "Corridoio - Faretto 3"
    }
  },
  "Sonoff4CHLuciCucinaCorridoio_CorridoioFaretto2": {
    "class": "org.eclipse.smarthome.core.items.ManagedItemProvider$PersistedItem",
    "value": {
      "groupNames": [
        "GruppoCorridoioCucina"
      ],
      "itemType": "Switch",
      "tags": [],
      "label": "Corridoio - Faretto 2"
    }
  },
  "PortonePrincipale_OpenStatus": {
    "class": "org.eclipse.smarthome.core.items.ManagedItemProvider$PersistedItem",
    "value": {
      "groupNames": [
        "Sicurezza"
      ],
      "itemType": "Contact",
      "tags": [],
      "label": "Sensore Portone Principale",
      "category": "Sensori"
    }
  },
  "WD1PortaIngresso_SwInCasa": {
    "class": "org.eclipse.smarthome.core.items.ManagedItemProvider$PersistedItem",
    "value": {
      "groupNames": [],
      "itemType": "String",
      "tags": [],
      "label": "Sw In Casa"
    }
  },
  "GestioneClima_LetturaTempCameraDaLetto": {
    "class": "org.eclipse.smarthome.core.items.ManagedItemProvider$PersistedItem",
    "value": {
      "groupNames": [],
      "itemType": "Number",
      "tags": [],
      "label": "Lettura Temp Camera Da Letto",
      "category": "Clima"
    }
  },
  "Sonoff4CHLuciCucinaCorridoio_CorridoioFaretto1": {
    "class": "org.eclipse.smarthome.core.items.ManagedItemProvider$PersistedItem",
    "value": {
      "groupNames": [
        "GruppoCorridoioCucina"
      ],
      "itemType": "Switch",
      "tags": [],
      "label": "Corridoio - Faretto 1"
    }
  },
  "SensoreBalconeIngressino_OpenStatus": {
    "class": "org.eclipse.smarthome.core.items.ManagedItemProvider$PersistedItem",
    "value": {
      "groupNames": [
        "Sicurezza"
      ],
      "itemType": "Contact",
      "tags": [],
      "label": "Sensore Balcone Ingressino",
      "category": "Contact"
    }
  },
  "Shellyswitch2574066BFarettiLateraliMansarda_FarettiLateraliStudio": {
    "class": "org.eclipse.smarthome.core.items.ManagedItemProvider$PersistedItem",
    "value": {
      "groupNames": [
        "LuciMansarda"
      ],
      "itemType": "Switch",
      "tags": [],
      "label": "Faretti Laterali Studio"
    }
  },
  "NeoPixel_OnOff": {
    "class": "org.eclipse.smarthome.core.items.ManagedItemProvider$PersistedItem",
    "value": {
      "groupNames": [
        "LuciMansarda"
      ],
      "itemType": "Switch",
      "tags": [],
      "label": "NeoPixel"
    }
  },
  "SensoreTemperaturaZonaNotte_LowBattery": {
    "class": "org.eclipse.smarthome.core.items.ManagedItemProvider$PersistedItem",
    "value": {
      "groupNames": [
        "LowBattery"
      ],
      "itemType": "Switch",
      "tags": [],
      "label": "Low Battery",
      "category": "Battery"
    }
  },
  "Shelly2CameraDaLetto_FarettiCameraDaLetto": {
    "class": "org.eclipse.smarthome.core.items.ManagedItemProvider$PersistedItem",
    "value": {
      "groupNames": [
        "CameraDaLetto"
      ],
      "itemType": "Switch",
      "tags": [],
      "label": "Faretti Camera Da Letto"
    }
  },
  "Shelly1E0F0D8AppliqueBalcone1_Shelly1E0F0D8AppliqueBalcone1": {
    "class": "org.eclipse.smarthome.core.items.ManagedItemProvider$PersistedItem",
    "value": {
      "groupNames": [
        "LuciBalcone"
      ],
      "itemType": "Switch",
      "tags": [],
      "label": "shelly1-E0F0D8 - Applique Balcone (1)"
    }
  },
  "SonoffBridge_PIRSensorTerrazzo": {
    "class": "org.eclipse.smarthome.core.items.ManagedItemProvider$PersistedItem",
    "value": {
      "groupNames": [
        "PIR"
      ],
      "itemType": "Switch",
      "tags": [],
      "label": "PIR Sensor Terrazzo"
    }
  },
  "I2Cucina_Button1": {
    "class": "org.eclipse.smarthome.core.items.ManagedItemProvider$PersistedItem",
    "value": {
      "groupNames": [],
      "itemType": "String",
      "tags": [],
      "label": "Button1"
    }
  },
  "I2Cucina_Button2": {
    "class": "org.eclipse.smarthome.core.items.ManagedItemProvider$PersistedItem",
    "value": {
      "groupNames": [],
      "itemType": "String",
      "tags": [],
      "label": "Button 2"
    }
  },
  "Sonoff4CHLuciTerrazzo_PlafonieraTerrazzoSX": {
    "class": "org.eclipse.smarthome.core.items.ManagedItemProvider$PersistedItem",
    "value": {
      "groupNames": [
        "PlafoniereTerrazzo"
      ],
      "itemType": "Switch",
      "tags": [],
      "label": "Plafoniera Terrazzo SX"
    }
  },
  "SensoreTemperaturaSala_Temperature": {
    "class": "org.eclipse.smarthome.core.items.ManagedItemProvider$PersistedItem",
    "value": {
      "groupNames": [],
      "itemType": "Number:Temperature",
      "tags": [
        "CurrentTemperature"
      ],
      "label": "Temperatura Sala/Cucina",
      "category": "Temperature"
    }
  },
  "SensoreTempZonaIngresso_Temperature": {
    "class": "org.eclipse.smarthome.core.items.ManagedItemProvider$PersistedItem",
    "value": {
      "groupNames": [],
      "itemType": "Number:Temperature",
      "tags": [
        "CurrentTemperature"
      ],
      "label": "Sensore Temp. Zona Ingresso",
      "category": "Temperature"
    }
  },
  "GestioneClima_ModalitAuto": {
    "class": "org.eclipse.smarthome.core.items.ManagedItemProvider$PersistedItem",
    "value": {
      "groupNames": [],
      "itemType": "Switch",
      "tags": [],
      "label": "Modalità Auto"
    }
  },
  "SensoreBalconeIngressino_LowBattery": {
    "class": "org.eclipse.smarthome.core.items.ManagedItemProvider$PersistedItem",
    "value": {
      "groupNames": [
        "LowBattery"
      ],
      "itemType": "Switch",
      "tags": [],
      "label": "Low Battery",
      "category": "Battery"
    }
  },
  "LuciInterne": {
    "class": "org.eclipse.smarthome.core.items.ManagedItemProvider$PersistedItem",
    "value": {
      "baseItemType": "Switch",
      "groupNames": [],
      "itemType": "Group",
      "tags": [],
      "label": "Luci interne",
      "functionName": "OR",
      "functionParams": [
        "ON",
        "OFF"
      ]
    }
  },
  "MainCPU_Online": {
    "class": "org.eclipse.smarthome.core.items.ManagedItemProvider$PersistedItem",
    "value": {
      "groupNames": [],
      "itemType": "Switch",
      "tags": [],
      "label": "CPU Online",
      "category": "Statuses"
    }
  },
  "Sonoff4CHLuciTerrazzo_PlafonieraTerrazzoCENTRO": {
    "class": "org.eclipse.smarthome.core.items.ManagedItemProvider$PersistedItem",
    "value": {
      "groupNames": [
        "PlafoniereTerrazzo"
      ],
      "itemType": "Switch",
      "tags": [
        "Lighting"
      ],
      "label": "Plafoniera Terrazzo CENTRO"
    }
  },
  "Claretta_Brightness": {
    "class": "org.eclipse.smarthome.core.items.ManagedItemProvider$PersistedItem",
    "value": {
      "groupNames": [
        "CameraDaLetto"
      ],
      "itemType": "Dimmer",
      "tags": [],
      "label": "Claretta",
      "category": "DimmableLight"
    }
  },
  "LEDZonaGiorno": {
    "class": "org.eclipse.smarthome.core.items.ManagedItemProvider$PersistedItem",
    "value": {
      "baseItemType": "Dimmer",
      "groupNames": [
        "Sala"
      ],
      "itemType": "Group",
      "tags": [],
      "label": "LEDZonaGiorno",
      "category": "Dimmer",
      "functionName": "MAX"
    }
  }
}