{
  "astro:sun:local": {
    "class": "org.eclipse.smarthome.config.discovery.internal.DiscoveryResultImpl",
    "value": {
      "thingUID": {
        "segments": [
          "astro",
          "sun",
          "local"
        ]
      },
      "thingTypeUID": {
        "segments": [
          "astro",
          "sun"
        ]
      },
      "properties": {
        "geolocation": "41.49106805625206,13.830958577079661,0"
      },
      "representationProperty": "geolocation",
      "flag": "NEW",
      "label": "Local Sun",
      "timestamp": 1596302307250,
      "timeToLive": -1
    }
  },
  "hue:0100:001788acdb70:12": {
    "class": "org.eclipse.smarthome.config.discovery.internal.DiscoveryResultImpl",
    "value": {
      "bridgeUID": {
        "segments": [
          "hue",
          "bridge",
          "001788acdb70"
        ]
      },
      "thingUID": {
        "segments": [
          "hue",
          "0100",
          "001788acdb70",
          "12"
        ]
      },
      "thingTypeUID": {
        "segments": [
          "hue",
          "0100"
        ]
      },
      "properties": {
        "lightId": "12",
        "modelId": "LWB010",
        "uniqueId": "00:17:88:01:02:cf:b8:0b-0b"
      },
      "representationProperty": "uniqueId",
      "flag": "NEW",
      "label": "Softbox",
      "timestamp": 1600586786100,
      "timeToLive": -1
    }
  },
  "astro:moon:local": {
    "class": "org.eclipse.smarthome.config.discovery.internal.DiscoveryResultImpl",
    "value": {
      "thingUID": {
        "segments": [
          "astro",
          "moon",
          "local"
        ]
      },
      "thingTypeUID": {
        "segments": [
          "astro",
          "moon"
        ]
      },
      "properties": {
        "geolocation": "41.49106805625206,13.830958577079661,0"
      },
      "representationProperty": "geolocation",
      "flag": "NEW",
      "label": "Local Moon",
      "timestamp": 1596302307265,
      "timeToLive": -1
    }
  },
  "hue:0010:001788acdb70:10": {
    "class": "org.eclipse.smarthome.config.discovery.internal.DiscoveryResultImpl",
    "value": {
      "bridgeUID": {
        "segments": [
          "hue",
          "bridge",
          "001788acdb70"
        ]
      },
      "thingUID": {
        "segments": [
          "hue",
          "0010",
          "001788acdb70",
          "10"
        ]
      },
      "thingTypeUID": {
        "segments": [
          "hue",
          "0010"
        ]
      },
      "properties": {
        "lightId": "10",
        "modelId": "Plug_01",
        "uniqueId": "7c:b0:3e:aa:0a:02:cf:ea-03"
      },
      "representationProperty": "uniqueId",
      "flag": "NEW",
      "label": "Albero di natale",
      "timestamp": 1600586786090,
      "timeToLive": -1
    }
  },
  "openweathermap:weather-and-forecast:37cbf78e:local": {
    "class": "org.eclipse.smarthome.config.discovery.internal.DiscoveryResultImpl",
    "value": {
      "bridgeUID": {
        "segments": [
          "openweathermap",
          "weather-api",
          "37cbf78e"
        ]
      },
      "thingUID": {
        "segments": [
          "openweathermap",
          "weather-and-forecast",
          "37cbf78e",
          "local"
        ]
      },
      "thingTypeUID": {
        "segments": [
          "openweathermap",
          "weather-and-forecast"
        ]
      },
      "properties": {
        "location": "41.49106805625206,13.830958577079661"
      },
      "representationProperty": "location",
      "flag": "NEW",
      "label": "Local weather and forecast",
      "timestamp": 1600851469850,
      "timeToLive": -1
    }
  }
}